"","SurveyID","SurveyDate","Species","RunYear","LiveTotal","DeadTotal","StreamName"
"1",200269,"10/31/2001","Coho Salmon",2001,10,NA,"Sky Slough (LB)"
"2",200276,"10/31/2001","Coho Salmon",2001,8,NA,"Sky Slough A"
"3",201784,"11/26/2001","Coho Salmon",2001,2,5,"Sky Slough (LB)"
"4",201806,"11/26/2001","Coho Salmon",2001,6,7,"Sky Slough A"
"5",202999,"12/12/2001","Coho Salmon",2001,2,4,"Sky Slough (LB)"
"6",203009,"12/12/2001","Coho Salmon",2001,11,7,"Sky Slough A"
"7",203875,"12/29/2001","Coho Salmon",2001,0,3,"Sky Slough (LB)"
"8",203877,"12/29/2001","Coho Salmon",2001,14,26,"Sky Slough A"
"9",204508,"01/16/2002","Coho Salmon",2001,0,5,"Sky Slough (LB)"
"10",204510,"01/16/2002","Coho Salmon",2001,0,48,"Sky Slough A"
"11",209108,"11/06/2002","Chum Salmon",2002,400,8,"Sky Slough (LB)"
"12",209108,"11/06/2002","Coho Salmon",2002,13,NA,"Sky Slough (LB)"
"13",209117,"11/06/2002","Coho Salmon",2002,NA,0,"Sky Slough A"
"14",209118,"11/06/2002","Chum Salmon",2002,NA,0,"Sky Slough A"
"15",209119,"11/06/2002","Chum Salmon",2002,NA,0,"Sky Slough B"
"16",209119,"11/06/2002","Coho Salmon",2002,NA,0,"Sky Slough B"
"17",209120,"11/06/2002","Chum Salmon",2002,NA,0,"Sky Slough B"
"18",209121,"11/06/2002","Coho Salmon",2002,NA,0,"Sky Slough C"
"19",209453,"11/13/2002","Chum Salmon",2002,516,19,"Sky Slough (LB)"
"20",209453,"11/13/2002","Coho Salmon",2002,17,2,"Sky Slough (LB)"
"21",209474,"11/13/2002","Coho Salmon",2002,NA,0,"Sky Slough A"
"22",209475,"11/13/2002","Chum Salmon",2002,100,NA,"Sky Slough A"
"23",209476,"11/13/2002","Coho Salmon",2002,NA,0,"Sky Slough B"
"24",209477,"11/13/2002","Chum Salmon",2002,NA,0,"Sky Slough B"
"25",209478,"11/13/2002","Chum Salmon",2002,NA,0,"Sky Slough C"
"26",209478,"11/13/2002","Coho Salmon",2002,NA,0,"Sky Slough C"
"27",210320,"11/26/2002","Chum Salmon",2002,460,140,"Sky Slough (LB)"
"28",210320,"11/26/2002","Coho Salmon",2002,0,3,"Sky Slough (LB)"
"29",210337,"11/26/2002","Coho Salmon",2002,2,NA,"Sky Slough A"
"30",210338,"11/26/2002","Chum Salmon",2002,350,116,"Sky Slough A"
"31",210339,"11/26/2002","Coho Salmon",2002,NA,0,"Sky Slough B"
"32",210340,"11/26/2002","Chum Salmon",2002,188,143,"Sky Slough B"
"33",210341,"11/26/2002","Chum Salmon",2002,NA,0,"Sky Slough C"
"34",210341,"11/26/2002","Coho Salmon",2002,NA,0,"Sky Slough C"
"35",210852,"12/05/2002","Chum Salmon",2002,395,250,"Sky Slough (LB)"
"36",210852,"12/05/2002","Coho Salmon",2002,3,6,"Sky Slough (LB)"
"37",210873,"12/05/2002","Coho Salmon",2002,49,3,"Sky Slough A"
"38",210874,"12/05/2002","Chum Salmon",2002,760,211,"Sky Slough A"
"39",210875,"12/05/2002","Coho Salmon",2002,46,NA,"Sky Slough B"
"40",210876,"12/05/2002","Chum Salmon",2002,730,260,"Sky Slough B"
"41",210877,"12/05/2002","Chum Salmon",2002,NA,0,"Sky Slough C"
"42",210877,"12/05/2002","Coho Salmon",2002,NA,0,"Sky Slough C"
"43",211297,"12/12/2002","Chum Salmon",2002,280,305,"Sky Slough (LB)"
"44",211297,"12/12/2002","Coho Salmon",2002,0,5,"Sky Slough (LB)"
"45",211312,"12/12/2002","Coho Salmon",2002,72,21,"Sky Slough A"
"46",211313,"12/12/2002","Chum Salmon",2002,890,386,"Sky Slough A"
"47",211314,"12/12/2002","Coho Salmon",2002,37,16,"Sky Slough B"
"48",211315,"12/12/2002","Chum Salmon",2002,820,311,"Sky Slough B"
"49",211316,"12/12/2002","Chum Salmon",2002,NA,0,"Sky Slough C"
"50",211316,"12/12/2002","Coho Salmon",2002,NA,0,"Sky Slough C"
"51",211679,"12/19/2002","Chum Salmon",2002,164,220,"Sky Slough (LB)"
"52",211679,"12/19/2002","Coho Salmon",2002,2,4,"Sky Slough (LB)"
"53",211696,"12/19/2002","Coho Salmon",2002,78,11,"Sky Slough A"
"54",211697,"12/19/2002","Chum Salmon",2002,420,616,"Sky Slough A"
"55",211698,"12/19/2002","Coho Salmon",2002,14,26,"Sky Slough B"
"56",211699,"12/19/2002","Chum Salmon",2002,228,1009,"Sky Slough B"
"57",211700,"12/19/2002","Chum Salmon",2002,NA,0,"Sky Slough C"
"58",211700,"12/19/2002","Coho Salmon",2002,NA,0,"Sky Slough C"
"59",211969,"12/26/2002","Chum Salmon",2002,85,280,"Sky Slough (LB)"
"60",211969,"12/26/2002","Coho Salmon",2002,0,2,"Sky Slough (LB)"
"61",211981,"12/26/2002","Coho Salmon",2002,28,71,"Sky Slough A"
"62",211982,"12/26/2002","Chum Salmon",2002,211,570,"Sky Slough A"
"63",211983,"12/26/2002","Coho Salmon",2002,17,31,"Sky Slough B"
"64",211984,"12/26/2002","Chum Salmon",2002,119,1120,"Sky Slough B"
"65",211985,"12/26/2002","Chum Salmon",2002,NA,0,"Sky Slough C"
"66",211985,"12/26/2002","Coho Salmon",2002,NA,0,"Sky Slough C"
"67",212226,"01/01/2003","Chum Salmon",2002,4,215,"Sky Slough (LB)"
"68",212226,"01/01/2003","Coho Salmon",2002,NA,0,"Sky Slough (LB)"
"69",212227,"01/01/2003","Coho Salmon",2002,0,28,"Sky Slough A"
"70",212228,"01/01/2003","Chum Salmon",2002,2,520,"Sky Slough A"
"71",212229,"01/01/2003","Coho Salmon",2002,0,43,"Sky Slough B"
"72",212230,"01/01/2003","Chum Salmon",2002,0,1100,"Sky Slough B"
"73",212231,"01/01/2003","Coho Salmon",2002,NA,0,"Sky Slough C"
"74",212502,"01/09/2003","Coho Salmon",2002,NA,0,"Sky Slough (LB)"
"75",212503,"01/09/2003","Coho Salmon",2002,0,11,"Sky Slough A"
"76",212504,"01/09/2003","Coho Salmon",2002,0,14,"Sky Slough B"
"77",212505,"01/09/2003","Coho Salmon",2002,NA,0,"Sky Slough C"
"78",274635,"10/26/2010","Chum Salmon",2010,89,0,"Sky Slough (LB)"
"79",274635,"10/26/2010","Chinook Salmon",2010,0,0,"Sky Slough (LB)"
"80",274636,"11/03/2010","Chum Salmon",2010,146,13,"Sky Slough (LB)"
"81",274637,"11/10/2010","Chum Salmon",2010,401,44,"Sky Slough (LB)"
"82",274638,"12/01/2010","Chum Salmon",2010,170,275,"Sky Slough (LB)"
"83",274639,"12/07/2010","Chum Salmon",2010,93,270,"Sky Slough (LB)"
"84",274641,"12/17/2010","Chum Salmon",2010,11,7,"Sky Slough (LB)"
"85",274643,"01/06/2010","Chum Salmon",2009,0,15,"Sky Slough (LB)"
"86",274643,"01/06/2010","Coho Salmon",2009,0,1,"Sky Slough (LB)"
"87",274767,"11/10/2010","Chum Salmon",2010,43,20,"Sky Slough A"
"88",274765,"10/26/2010","Chum Salmon",2010,2,0,"Sky Slough A"
"89",274766,"11/03/2010","Chum Salmon",2010,68,5,"Sky Slough A"
"90",274768,"11/17/2010","Chum Salmon",2010,119,8,"Sky Slough A"
"91",274768,"11/17/2010","Coho Salmon",2010,2,0,"Sky Slough A"
"92",274769,"12/01/2010","Chum Salmon",2010,6,53,"Sky Slough A"
"93",274769,"12/01/2010","Coho Salmon",2010,0,1,"Sky Slough A"
"94",274770,"12/07/2010","Chum Salmon",2010,2,28,"Sky Slough A"
"95",274771,"12/20/2010","Chum Salmon",2010,0,0,"Sky Slough A"
"96",274771,"12/20/2010","Coho Salmon",2010,1,0,"Sky Slough A"
"97",274772,"01/06/2010","Chum Salmon",2010,0,1,"Sky Slough A"
"98",274772,"01/06/2010","Coho Salmon",2009,2,0,"Sky Slough A"
"99",274782,"10/26/2010","Chum Salmon",2010,0,0,"Sky Slough B"
"100",274783,"11/03/2010","Chum Salmon",2010,4,0,"Sky Slough B"
"101",274784,"11/10/2010","Chum Salmon",2010,0,0,"Sky Slough B"
"102",274785,"11/17/2010","Chum Salmon",2010,10,0,"Sky Slough B"
"103",274785,"11/17/2010","Coho Salmon",2010,7,0,"Sky Slough B"
"104",274786,"12/01/2010","Chum Salmon",2010,12,20,"Sky Slough B"
"105",274787,"12/07/2010","Chum Salmon",2010,0,0,"Sky Slough B"
"106",274788,"12/20/2010","Chum Salmon",2010,1,3,"Sky Slough B"
"107",274788,"12/20/2010","Coho Salmon",2010,NA,NA,"Sky Slough B"
"108",274789,"01/06/2010","Chum Salmon",2009,0,0,"Sky Slough B"
"109",274790,"10/26/2010","Chum Salmon",2010,0,0,"Sky Slough C"
"110",274791,"11/03/2010","Chum Salmon",2010,4,0,"Sky Slough C"
"111",274792,"11/10/2010","Chum Salmon",2010,0,0,"Sky Slough C"
"112",274793,"11/17/2010","Chum Salmon",2010,3,0,"Sky Slough C"
"113",274793,"11/17/2010","Coho Salmon",2010,1,0,"Sky Slough C"
"114",274794,"12/01/2010","Chum Salmon",2010,0,0,"Sky Slough C"
"115",274795,"12/07/2010","Chum Salmon",2010,0,14,"Sky Slough C"
"116",274796,"12/20/2010","Chum Salmon",2010,0,0,"Sky Slough C"
"117",274797,"01/06/2010","Chum Salmon",2009,0,0,"Sky Slough C"
"118",274798,"10/26/2010","Chum Salmon",2010,0,0,"Sky Slough D"
"119",274799,"11/03/2010","Chum Salmon",2010,0,0,"Sky Slough D"
"120",274800,"11/10/2010","Chum Salmon",2010,0,0,"Sky Slough D"
"121",274801,"12/01/2010","Chum Salmon",2010,0,0,"Sky Slough D"
"122",274802,"12/07/2010","Chum Salmon",2010,0,0,"Sky Slough D"
"123",274803,"12/20/2010","Chum Salmon",2010,0,0,"Sky Slough D"
"124",274804,"01/06/2010","Chum Salmon",2009,0,0,"Sky Slough D"
"125",278438,"11/23/2009","Chum Salmon",2009,266,45,"Sky Slough A"
"126",278409,"11/12/2009","Chum Salmon",2009,415,184,"Sky Slough (LB)"
"127",278409,"11/12/2009","Coho Salmon",2009,3,2,"Sky Slough (LB)"
"128",278411,"12/02/2009","Chum Salmon",2009,593,169,"Sky Slough (LB)"
"129",278411,"12/02/2009","Coho Salmon",2009,6,2,"Sky Slough (LB)"
"130",278412,"12/17/2009","Chum Salmon",2009,12,284,"Sky Slough (LB)"
"131",278412,"12/17/2009","Coho Salmon",2009,0,0,"Sky Slough (LB)"
"132",278413,"12/28/2009","Chum Salmon",2009,10,32,"Sky Slough (LB)"
"133",278413,"12/28/2009","Coho Salmon",2009,5,3,"Sky Slough (LB)"
"134",278414,"01/08/2010","Chum Salmon",2009,0,1,"Sky Slough (LB)"
"135",278414,"01/08/2010","Coho Salmon",2009,1,0,"Sky Slough (LB)"
"136",278432,"10/30/2009","Chum Salmon",2009,0,0,"Sky Slough A"
"137",278440,"12/02/2009","Chum Salmon",2009,113,107,"Sky Slough A"
"138",278443,"12/28/2009","Chum Salmon",2009,0,12,"Sky Slough A"
"139",278443,"12/28/2009","Coho Salmon",2009,1,4,"Sky Slough A"
"140",278445,"01/08/2010","Chum Salmon",2009,0,0,"Sky Slough A"
"141",278445,"01/08/2010","Coho Salmon",2009,0,2,"Sky Slough A"
"142",278447,"10/30/2009","Chum Salmon",2009,0,0,"Sky Slough B"
"143",278448,"11/23/2009","Chum Salmon",2009,66,5,"Sky Slough B"
"144",278450,"12/02/2009","Chum Salmon",2009,64,25,"Sky Slough B"
"145",278453,"12/28/2009","Chum Salmon",2009,0,2,"Sky Slough B"
"146",278453,"12/28/2009","Coho Salmon",2009,1,3,"Sky Slough B"
"147",278454,"01/08/2010","Chum Salmon",2009,0,0,"Sky Slough B"
"148",278454,"01/08/2010","Coho Salmon",2009,2,0,"Sky Slough B"
"149",278455,"10/30/2009","Chum Salmon",2009,0,0,"Sky Slough C"
"150",278458,"11/23/2009","Chum Salmon",2009,45,7,"Sky Slough C"
"151",278461,"12/02/2009","Chum Salmon",2009,31,79,"Sky Slough C"
"152",278463,"12/28/2009","Chum Salmon",2009,0,2,"Sky Slough C"
"153",278465,"01/08/2010","Chum Salmon",2009,0,2,"Sky Slough C"
"154",278467,"10/30/2009","Chum Salmon",2009,0,0,"Sky Slough D"
"155",278469,"11/23/2009","Chum Salmon",2009,0,0,"Sky Slough D"
"156",278471,"12/02/2009","Chum Salmon",2009,0,0,"Sky Slough D"
"157",278471,"12/02/2009","Coho Salmon",2009,2,0,"Sky Slough D"
"158",278472,"12/28/2009","Chum Salmon",2009,0,0,"Sky Slough D"
"159",278474,"01/08/2010","Chum Salmon",2009,0,0,"Sky Slough D"
"160",280483,"10/03/2008","Chum Salmon",2008,0,0,"Sky Slough (LB)"
"161",280484,"10/10/2008","Chum Salmon",2008,13,0,"Sky Slough (LB)"
"162",280484,"10/10/2008","Coho Salmon",2008,1,0,"Sky Slough (LB)"
"163",280485,"10/17/2008","Chum Salmon",2008,20,1,"Sky Slough (LB)"
"164",280485,"10/17/2008","Coho Salmon",2008,0,0,"Sky Slough (LB)"
"165",280486,"10/23/2008","Chum Salmon",2008,27,3,"Sky Slough (LB)"
"166",280486,"10/23/2008","Coho Salmon",2008,4,0,"Sky Slough (LB)"
"167",280487,"11/01/2008","Chum Salmon",2008,36,7,"Sky Slough (LB)"
"168",280487,"11/01/2008","Coho Salmon",2008,3,0,"Sky Slough (LB)"
"169",280488,"11/10/2008","Chum Salmon",2008,24,2,"Sky Slough (LB)"
"170",280488,"11/10/2008","Coho Salmon",2008,6,0,"Sky Slough (LB)"
"171",280489,"11/17/2008","Chum Salmon",2008,456,32,"Sky Slough (LB)"
"172",280489,"11/17/2008","Coho Salmon",2008,2,0,"Sky Slough (LB)"
"173",280490,"11/26/2008","Chum Salmon",2008,226,239,"Sky Slough (LB)"
"174",280490,"11/26/2008","Coho Salmon",2008,1,0,"Sky Slough (LB)"
"175",280491,"12/03/2008","Chum Salmon",2008,114,176,"Sky Slough (LB)"
"176",280491,"12/03/2008","Coho Salmon",2008,0,0,"Sky Slough (LB)"
"177",280492,"12/10/2008","Chum Salmon",2008,62,181,"Sky Slough (LB)"
"178",280492,"12/10/2008","Coho Salmon",2008,0,0,"Sky Slough (LB)"
"179",280493,"12/20/2008","Chum Salmon",2008,17,125,"Sky Slough (LB)"
"180",280493,"12/20/2008","Coho Salmon",2008,0,0,"Sky Slough (LB)"
"181",280494,"12/28/2008","Chum Salmon",2008,0,128,"Sky Slough (LB)"
"182",280494,"12/28/2008","Coho Salmon",2008,0,0,"Sky Slough (LB)"
"183",280495,"01/04/2009","Chum Salmon",2008,0,4,"Sky Slough (LB)"
"184",280495,"01/04/2009","Coho Salmon",2008,0,0,"Sky Slough (LB)"
"185",280495,"01/04/2009","Coho Salmon",2008,0,0,"Sky Slough (LB)"
"186",280496,"01/11/2009","Chum Salmon",2008,3,7,"Sky Slough (LB)"
"187",280496,"01/11/2009","Coho Salmon",2008,0,0,"Sky Slough (LB)"
"188",280497,"10/03/2008","Chum Salmon",2008,0,0,"Sky Slough A"
"189",280497,"10/03/2008","Coho Salmon",2008,0,0,"Sky Slough A"
"190",280498,"10/10/2008","Chum Salmon",2008,0,0,"Sky Slough A"
"191",280498,"10/10/2008","Coho Salmon",2008,0,0,"Sky Slough A"
"192",280499,"10/17/2008","Chum Salmon",2008,0,0,"Sky Slough A"
"193",280499,"10/17/2008","Coho Salmon",2008,0,0,"Sky Slough A"
"194",280500,"10/23/2008","Chum Salmon",2008,0,0,"Sky Slough A"
"195",280500,"10/23/2008","Coho Salmon",2008,3,0,"Sky Slough A"
"196",280501,"11/01/2008","Chum Salmon",2008,0,0,"Sky Slough A"
"197",280501,"11/01/2008","Coho Salmon",2008,4,0,"Sky Slough A"
"198",280502,"11/10/2008","Chum Salmon",2008,28,0,"Sky Slough A"
"199",280502,"11/10/2008","Coho Salmon",2008,6,0,"Sky Slough A"
"200",280503,"11/17/2008","Chum Salmon",2008,145,2,"Sky Slough A"
"201",280503,"11/17/2008","Coho Salmon",2008,2,0,"Sky Slough A"
"202",280504,"11/26/2008","Chum Salmon",2008,117,202,"Sky Slough A"
"203",280504,"11/26/2008","Coho Salmon",2008,5,1,"Sky Slough A"
"204",280505,"12/03/2008","Chum Salmon",2008,63,233,"Sky Slough A"
"205",280505,"12/03/2008","Coho Salmon",2008,0,0,"Sky Slough A"
"206",280506,"12/10/2008","Chum Salmon",2008,38,263,"Sky Slough A"
"207",280506,"12/10/2008","Coho Salmon",2008,0,0,"Sky Slough A"
"208",280507,"12/20/2008","Chum Salmon",2008,21,118,"Sky Slough A"
"209",280507,"12/20/2008","Coho Salmon",2008,0,0,"Sky Slough A"
"210",280508,"12/28/2008","Chum Salmon",2008,10,54,"Sky Slough A"
"211",280508,"12/28/2008","Coho Salmon",2008,0,0,"Sky Slough A"
"212",280509,"01/04/2009","Chum Salmon",2008,0,9,"Sky Slough A"
"213",280509,"01/04/2009","Coho Salmon",2008,0,0,"Sky Slough A"
"214",280510,"01/11/2009","Chum Salmon",2008,2,8,"Sky Slough A"
"215",280510,"01/11/2009","Coho Salmon",2008,4,0,"Sky Slough A"
"216",280511,"10/03/2008","Chum Salmon",2008,0,0,"Sky Slough B"
"217",280511,"10/03/2008","Coho Salmon",2008,0,0,"Sky Slough B"
"218",280512,"10/10/2008","Chum Salmon",2008,0,0,"Sky Slough B"
"219",280512,"10/10/2008","Coho Salmon",2008,0,0,"Sky Slough B"
"220",280513,"10/17/2008","Chum Salmon",2008,0,0,"Sky Slough B"
"221",280513,"10/17/2008","Coho Salmon",2008,0,0,"Sky Slough B"
"222",280513,"10/17/2008","Coho Salmon",2008,2,0,"Sky Slough B"
"223",280514,"10/23/2008","Chum Salmon",2008,0,0,"Sky Slough B"
"224",280515,"11/01/2008","Chum Salmon",2008,0,0,"Sky Slough B"
"225",280515,"11/01/2008","Coho Salmon",2008,1,0,"Sky Slough B"
"226",280516,"11/10/2008","Chum Salmon",2008,7,0,"Sky Slough B"
"227",280516,"11/10/2008","Coho Salmon",2008,4,0,"Sky Slough B"
"228",280517,"11/17/2008","Chum Salmon",2008,75,2,"Sky Slough B"
"229",280517,"11/17/2008","Coho Salmon",2008,0,0,"Sky Slough B"
"230",280518,"11/26/2008","Chum Salmon",2008,98,201,"Sky Slough B"
"231",280518,"11/26/2008","Coho Salmon",2008,2,0,"Sky Slough B"
"232",280519,"12/03/2008","Chum Salmon",2008,37,119,"Sky Slough B"
"233",280519,"12/03/2008","Coho Salmon",2008,0,0,"Sky Slough B"
"234",280520,"12/10/2008","Chum Salmon",2008,11,86,"Sky Slough B"
"235",280520,"12/10/2008","Coho Salmon",2008,0,0,"Sky Slough B"
"236",280521,"12/20/2008","Chum Salmon",2008,0,41,"Sky Slough B"
"237",280521,"12/20/2008","Coho Salmon",2008,0,0,"Sky Slough B"
"238",280522,"12/28/2008","Chum Salmon",2008,9,17,"Sky Slough B"
"239",280522,"12/28/2008","Coho Salmon",2008,2,0,"Sky Slough B"
"240",280523,"01/04/2009","Chum Salmon",2008,0,3,"Sky Slough B"
"241",280523,"01/04/2009","Coho Salmon",2008,0,0,"Sky Slough B"
"242",280524,"01/11/2009","Chum Salmon",2008,1,2,"Sky Slough B"
"243",280524,"01/11/2009","Coho Salmon",2008,1,0,"Sky Slough B"
"244",280525,"10/03/2008","Chum Salmon",2008,0,0,"Sky Slough C"
"245",280525,"10/03/2008","Coho Salmon",2008,0,0,"Sky Slough C"
"246",280526,"10/10/2008","Chum Salmon",2008,0,0,"Sky Slough C"
"247",280526,"10/10/2008","Coho Salmon",2008,0,0,"Sky Slough C"
"248",280527,"10/17/2008","Chum Salmon",2008,0,0,"Sky Slough C"
"249",280527,"10/17/2008","Coho Salmon",2008,0,0,"Sky Slough C"
"250",280528,"10/23/2008","Chum Salmon",2008,0,0,"Sky Slough C"
"251",280528,"10/23/2008","Coho Salmon",2008,1,0,"Sky Slough C"
"252",280529,"11/01/2008","Chum Salmon",2008,0,0,"Sky Slough C"
"253",280529,"11/01/2008","Coho Salmon",2008,0,0,"Sky Slough C"
"254",280530,"11/10/2008","Chum Salmon",2008,0,0,"Sky Slough C"
"255",280530,"11/10/2008","Coho Salmon",2008,2,0,"Sky Slough C"
"256",280531,"11/17/2008","Chum Salmon",2008,25,20,"Sky Slough C"
"257",280531,"11/17/2008","Coho Salmon",2008,0,0,"Sky Slough C"
"258",280532,"11/26/2008","Chum Salmon",2008,16,68,"Sky Slough C"
"259",280532,"11/26/2008","Coho Salmon",2008,0,0,"Sky Slough C"
"260",280533,"12/03/2008","Chum Salmon",2008,11,55,"Sky Slough C"
"261",280533,"12/03/2008","Coho Salmon",2008,0,0,"Sky Slough C"
"262",280534,"12/10/2008","Chum Salmon",2008,2,6,"Sky Slough C"
"263",280534,"12/10/2008","Coho Salmon",2008,0,0,"Sky Slough C"
"264",280535,"12/20/2008","Chum Salmon",2008,0,3,"Sky Slough C"
"265",280535,"12/20/2008","Coho Salmon",2008,0,0,"Sky Slough C"
"266",280536,"12/28/2008","Chum Salmon",2008,0,0,"Sky Slough C"
"267",280536,"12/28/2008","Coho Salmon",2008,0,0,"Sky Slough C"
"268",280537,"01/04/2009","Chum Salmon",2008,0,0,"Sky Slough C"
"269",280537,"01/04/2009","Coho Salmon",2008,0,0,"Sky Slough C"
"270",280538,"01/11/2009","Chum Salmon",2008,0,0,"Sky Slough C"
"271",280539,"11/10/2008","Chum Salmon",2008,0,0,"Sky Slough D"
"272",280539,"11/10/2008","Coho Salmon",2008,0,0,"Sky Slough D"
"273",280540,"11/17/2008","Chum Salmon",2008,0,0,"Sky Slough D"
"274",280540,"11/17/2008","Coho Salmon",2008,0,0,"Sky Slough D"
"275",280541,"11/26/2008","Chum Salmon",2008,0,0,"Sky Slough D"
"276",280541,"11/26/2008","Coho Salmon",2008,0,0,"Sky Slough D"
"277",280542,"12/03/2008","Chum Salmon",2008,0,0,"Sky Slough D"
"278",280542,"12/03/2008","Coho Salmon",2008,0,0,"Sky Slough D"
"279",280543,"12/10/2008","Chum Salmon",2008,0,0,"Sky Slough D"
"280",280543,"12/10/2008","Coho Salmon",2008,0,0,"Sky Slough D"
"281",280544,"12/20/2008","Chum Salmon",2008,0,0,"Sky Slough D"
"282",280544,"12/20/2008","Coho Salmon",2008,0,0,"Sky Slough D"
"283",280545,"12/28/2008","Chum Salmon",2008,0,0,"Sky Slough D"
"284",280545,"12/28/2008","Coho Salmon",2008,0,0,"Sky Slough D"
"285",280546,"01/04/2009","Chum Salmon",2008,0,0,"Sky Slough D"
"286",280546,"01/04/2009","Coho Salmon",2008,0,0,"Sky Slough D"
"287",284101,"11/14/2007","Chum Salmon",2007,0,0,"Sky Slough C"
"288",284102,"11/21/2007","Chum Salmon",2007,0,0,"Sky Slough C"
"289",284070,"12/27/2007","Chum Salmon",2007,26,85,"Sky Slough (LB)"
"290",284100,"11/07/2007","Chum Salmon",2007,0,0,"Sky Slough C"
"291",284060,"11/01/2007","Chum Salmon",2007,0,0,"Sky Slough (LB)"
"292",284060,"11/01/2007","Coho Salmon",2007,0,NA,"Sky Slough (LB)"
"293",284061,"11/07/2007","Chum Salmon",2007,12,0,"Sky Slough (LB)"
"294",284061,"11/07/2007","Coho Salmon",2007,0,NA,"Sky Slough (LB)"
"295",284063,"11/14/2007","Chum Salmon",2007,85,3,"Sky Slough (LB)"
"296",284063,"11/14/2007","Coho Salmon",2007,7,NA,"Sky Slough (LB)"
"297",284064,"11/21/2007","Chum Salmon",2007,120,16,"Sky Slough (LB)"
"298",284064,"11/21/2007","Coho Salmon",2007,27,NA,"Sky Slough (LB)"
"299",284065,"11/28/2007","Chum Salmon",2007,258,362,"Sky Slough (LB)"
"300",284065,"11/28/2007","Coho Salmon",2007,14,NA,"Sky Slough (LB)"
"301",284066,"12/07/2007","Chum Salmon",2007,76,14,"Sky Slough (LB)"
"302",284066,"12/07/2007","Coho Salmon",2007,30,NA,"Sky Slough (LB)"
"303",284068,"12/13/2007","Chum Salmon",2007,65,28,"Sky Slough (LB)"
"304",284068,"12/13/2007","Coho Salmon",2007,13,NA,"Sky Slough (LB)"
"305",284069,"12/20/2007","Chum Salmon",2007,39,71,"Sky Slough (LB)"
"306",284069,"12/20/2007","Coho Salmon",2007,7,NA,"Sky Slough (LB)"
"307",284070,"12/27/2007","Coho Salmon",2007,5,NA,"Sky Slough (LB)"
"308",284071,"01/04/2008","Chum Salmon",2007,3,114,"Sky Slough (LB)"
"309",284071,"01/04/2008","Coho Salmon",2007,1,NA,"Sky Slough (LB)"
"310",284072,"11/01/2007","Chum Salmon",2007,0,0,"Sky Slough A"
"311",284073,"11/07/2007","Chum Salmon",2007,0,0,"Sky Slough A"
"312",284075,"11/14/2007","Chum Salmon",2007,0,0,"Sky Slough A"
"313",284076,"11/21/2007","Chum Salmon",2007,0,0,"Sky Slough A"
"314",284077,"11/28/2007","Chum Salmon",2007,89,117,"Sky Slough A"
"315",284078,"12/07/2007","Chum Salmon",2007,98,124,"Sky Slough A"
"316",284080,"12/13/2007","Chum Salmon",2007,73,111,"Sky Slough A"
"317",284081,"12/20/2007","Chum Salmon",2007,23,105,"Sky Slough A"
"318",284082,"12/27/2007","Chum Salmon",2007,11,94,"Sky Slough A"
"319",284083,"01/04/2008","Chum Salmon",2007,2,87,"Sky Slough A"
"320",284085,"11/01/2007","Chum Salmon",2007,0,0,"Sky Slough B"
"321",284087,"11/07/2007","Chum Salmon",2007,0,0,"Sky Slough B"
"322",284089,"11/14/2007","Chum Salmon",2007,0,0,"Sky Slough B"
"323",284091,"11/21/2007","Chum Salmon",2007,0,0,"Sky Slough B"
"324",284092,"11/28/2007","Chum Salmon",2007,76,99,"Sky Slough B"
"325",284093,"12/07/2007","Chum Salmon",2007,82,113,"Sky Slough B"
"326",284094,"12/13/2007","Chum Salmon",2007,62,88,"Sky Slough B"
"327",284095,"12/20/2007","Chum Salmon",2007,19,81,"Sky Slough B"
"328",284096,"12/27/2007","Chum Salmon",2007,6,72,"Sky Slough B"
"329",284097,"01/04/2007","Chum Salmon",2007,0,51,"Sky Slough B"
"330",284099,"11/01/2007","Chum Salmon",2007,0,0,"Sky Slough C"
"331",284103,"11/28/2007","Chum Salmon",2007,NA,NA,"Sky Slough C"
"332",284104,"12/03/2007","Chum Salmon",2007,0,0,"Sky Slough C"
"333",284105,"12/07/2007","Chum Salmon",2007,0,0,"Sky Slough C"
"334",284106,"12/13/2007","Chum Salmon",2007,0,0,"Sky Slough C"
"335",284107,"12/20/2007","Chum Salmon",2007,0,0,"Sky Slough C"
"336",284108,"12/27/2007","Chum Salmon",2007,0,0,"Sky Slough C"
"337",284109,"01/04/2008","Chum Salmon",2007,0,0,"Sky Slough C"
"338",284117,"10/23/2007","Coho Salmon",2007,0,NA,"Sky Slough (LB)"
"339",284119,"01/11/2008","Coho Salmon",2007,2,NA,"Sky Slough (LB)"
"340",284120,"01/19/2008","Coho Salmon",2007,3,NA,"Sky Slough (LB)"
"341",295363,"11/17/2011","Chum Salmon",2011,0,0,"Sky Slough B"
"342",295359,"11/17/2011","Chum Salmon",2011,236,23,"Sky Slough (LB)"
"343",295359,"11/17/2011","Coho Salmon",2011,0,0,"Sky Slough (LB)"
"344",295360,"10/31/2011","Chum Salmon",2011,0,0,"Sky Slough A"
"345",295360,"10/31/2011","Coho Salmon",2011,1,1,"Sky Slough A"
"346",295360,"10/31/2011","Pink Salmon",2011,28,128,"Sky Slough A"
"347",295361,"11/17/2011","Chum Salmon",2011,1,0,"Sky Slough A"
"348",295361,"11/17/2011","Pink Salmon",2011,0,38,"Sky Slough A"
"349",295362,"10/31/2011","Chum Salmon",2011,0,0,"Sky Slough B"
"350",295362,"10/31/2011","Coho Salmon",2011,0,1,"Sky Slough B"
"351",295362,"10/31/2011","Pink Salmon",2011,8,16,"Sky Slough B"
"352",295363,"11/17/2011","Pink Salmon",2011,0,17,"Sky Slough B"
"353",295364,"10/31/2011","Chum Salmon",2011,0,0,"Sky Slough C"
"354",295365,"11/17/2011","Chum Salmon",2011,0,0,"Sky Slough C"
"355",295366,"10/31/2011","Chum Salmon",2011,0,0,"Sky Slough D"
"356",295367,"11/17/2011","Chum Salmon",2011,0,0,"Sky Slough D"
"357",308127,"12/23/2011","Coho Salmon",2011,0,3,"Sky Slough C"
"358",308110,"11/30/2011","Coho Salmon",2011,6,0,"Sky Slough A"
"359",308100,"11/28/2011","Chum Salmon",2011,NA,NA,"Sky Slough (LB)"
"360",308100,"11/28/2011","Coho Salmon",2011,NA,NA,"Sky Slough (LB)"
"361",308101,"11/30/2011","Chum Salmon",2011,1008,147,"Sky Slough (LB)"
"362",308101,"11/30/2011","Coho Salmon",2011,0,0,"Sky Slough (LB)"
"363",308102,"12/06/2011","Chum Salmon",2011,1440,776,"Sky Slough (LB)"
"364",308102,"12/06/2011","Coho Salmon",2011,0,1,"Sky Slough (LB)"
"365",308103,"12/07/2011","Chum Salmon",2011,NA,410,"Sky Slough (LB)"
"366",308104,"12/09/2011","Chum Salmon",2011,NA,131,"Sky Slough (LB)"
"367",308105,"12/14/2011","Chum Salmon",2011,63,2483,"Sky Slough (LB)"
"368",308105,"12/14/2011","Coho Salmon",2011,0,0,"Sky Slough (LB)"
"369",308106,"12/16/2011","Chum Salmon",2011,NA,120,"Sky Slough (LB)"
"370",308107,"12/20/2011","Chum Salmon",2011,10,1768,"Sky Slough (LB)"
"371",308107,"12/20/2011","Coho Salmon",2011,0,0,"Sky Slough (LB)"
"372",308108,"01/04/2012","Chum Salmon",2011,14,243,"Sky Slough (LB)"
"373",308108,"01/04/2012","Coho Salmon",2011,0,0,"Sky Slough (LB)"
"374",308109,"11/28/2011","Chum Salmon",2011,NA,NA,"Sky Slough A"
"375",308110,"11/30/2011","Chum Salmon",2011,555,1,"Sky Slough A"
"376",308111,"12/08/2011","Chum Salmon",2011,331,388,"Sky Slough A"
"377",308111,"12/08/2011","Coho Salmon",2011,7,2,"Sky Slough A"
"378",308112,"12/13/2011","Chum Salmon",2011,33,385,"Sky Slough A"
"379",308112,"12/13/2011","Coho Salmon",2011,4,8,"Sky Slough A"
"380",308113,"12/14/2011","Chum Salmon",2011,NA,240,"Sky Slough A"
"381",308114,"12/16/2011","Chum Salmon",2011,NA,100,"Sky Slough A"
"382",308115,"12/23/2011","Chum Salmon",2011,1,558,"Sky Slough A"
"383",308115,"12/23/2011","Coho Salmon",2011,0,8,"Sky Slough A"
"384",308116,"01/04/2012","Chum Salmon",2011,0,5,"Sky Slough A"
"385",308116,"01/04/2012","Coho Salmon",2011,2,3,"Sky Slough A"
"386",308117,"11/28/2011","Chum Salmon",2011,NA,NA,"Sky Slough B"
"387",308118,"11/30/2011","Chum Salmon",2011,30,3,"Sky Slough B"
"388",308118,"11/30/2011","Coho Salmon",2011,16,0,"Sky Slough B"
"389",308119,"12/08/2011","Chum Salmon",2011,82,31,"Sky Slough B"
"390",308119,"12/08/2011","Coho Salmon",2011,0,2,"Sky Slough B"
"391",308120,"12/13/2011","Chum Salmon",2011,5,85,"Sky Slough B"
"392",308120,"12/13/2011","Coho Salmon",2011,8,5,"Sky Slough B"
"393",308121,"12/23/2011","Chum Salmon",2011,0,90,"Sky Slough B"
"394",308121,"12/23/2011","Coho Salmon",2011,0,5,"Sky Slough B"
"395",308122,"01/04/2012","Chum Salmon",2011,0,3,"Sky Slough B"
"396",308123,"11/28/2011","Chum Salmon",2011,NA,NA,"Sky Slough C"
"397",308124,"11/30/2011","Chum Salmon",2011,61,3,"Sky Slough C"
"398",308124,"11/30/2011","Coho Salmon",2011,0,1,"Sky Slough C"
"399",308125,"12/08/2011","Chum Salmon",2011,73,42,"Sky Slough C"
"400",308126,"12/13/2011","Chum Salmon",2011,4,51,"Sky Slough C"
"401",308127,"12/23/2011","Chum Salmon",2011,0,76,"Sky Slough C"
"402",308128,"01/04/2012","Chum Salmon",2011,0,0,"Sky Slough C"
"403",308128,"01/04/2012","Coho Salmon",2011,4,2,"Sky Slough C"
"404",308129,"11/30/2011","Chum Salmon",2011,10,0,"Sky Slough D"
"405",308130,"12/08/2011","Chum Salmon",2011,0,0,"Sky Slough D"
"406",308131,"12/13/2011","Chum Salmon",2011,0,0,"Sky Slough D"
"407",308132,"12/23/2011","Chum Salmon",2011,0,0,"Sky Slough D"
"408",308133,"01/04/2012","Chum Salmon",2011,0,0,"Sky Slough D"
"409",308239,"11/28/2011","Chum Salmon",2011,NA,NA,"Sky Slough D"
"410",308245,"01/11/2012","Chum Salmon",2011,1,75,"Sky Slough (LB)"
"411",308245,"01/11/2012","Coho Salmon",2011,3,4,"Sky Slough (LB)"
"412",341796,"10/29/2012","Coho Salmon",2012,NA,NA,"Sky Slough (LB)"
"413",341796,"10/29/2012","Chum Salmon",2012,NA,NA,"Sky Slough (LB)"
"414",341797,"11/06/2012","Coho Salmon",2012,0,0,"Sky Slough (LB)"
"415",341797,"11/06/2012","Chum Salmon",2012,487,44,"Sky Slough (LB)"
"416",341799,"11/13/2012","Coho Salmon",2012,0,0,"Sky Slough (LB)"
"417",341833,"11/19/2012","Chum Salmon",2012,NA,NA,"Sky Slough D"
"418",341799,"11/13/2012","Chum Salmon",2012,563,337,"Sky Slough (LB)"
"419",341801,"11/19/2012","Coho Salmon",2012,NA,NA,"Sky Slough (LB)"
"420",341801,"11/19/2012","Chum Salmon",2012,NA,NA,"Sky Slough (LB)"
"421",341802,"11/26/2012","Coho Salmon",2012,0,0,"Sky Slough (LB)"
"422",341802,"11/26/2012","Chum Salmon",2012,250,240,"Sky Slough (LB)"
"423",341805,"10/29/2012","Chum Salmon",2012,NA,NA,"Sky Slough A"
"424",341807,"11/02/2012","Chum Salmon",2012,60,0,"Sky Slough A"
"425",341807,"11/02/2012","Coho Salmon",2012,11,0,"Sky Slough A"
"426",341809,"11/06/2012","Chum Salmon",2012,36,0,"Sky Slough A"
"427",341809,"11/06/2012","Coho Salmon",2012,27,0,"Sky Slough A"
"428",341810,"11/14/2012","Chum Salmon",2012,88,32,"Sky Slough A"
"429",341810,"11/14/2012","Coho Salmon",2012,8,3,"Sky Slough A"
"430",341812,"11/19/2012","Chum Salmon",2012,NA,NA,"Sky Slough A"
"431",341813,"11/26/2012","Chum Salmon",2012,160,20,"Sky Slough A"
"432",341813,"11/26/2012","Coho Salmon",2012,17,2,"Sky Slough A"
"433",341815,"10/29/2012","Chum Salmon",2012,NA,NA,"Sky Slough B"
"434",341816,"11/02/2012","Chum Salmon",2012,0,0,"Sky Slough B"
"435",341816,"11/02/2012","Coho Salmon",2012,8,0,"Sky Slough B"
"436",341817,"11/06/2012","Chum Salmon",2012,0,0,"Sky Slough B"
"437",341817,"11/06/2012","Coho Salmon",2012,24,0,"Sky Slough B"
"438",341818,"11/14/2012","Chum Salmon",2012,3,0,"Sky Slough B"
"439",341818,"11/14/2012","Coho Salmon",2012,0,3,"Sky Slough B"
"440",341819,"11/19/2012","Chum Salmon",2012,NA,NA,"Sky Slough B"
"441",341820,"11/26/2012","Chum Salmon",2012,19,3,"Sky Slough B"
"442",341820,"11/26/2012","Coho Salmon",2012,9,1,"Sky Slough B"
"443",341821,"10/29/2012","Chum Salmon",2012,NA,NA,"Sky Slough C"
"444",341822,"11/02/2012","Chum Salmon",2012,0,0,"Sky Slough C"
"445",341823,"11/06/2012","Chum Salmon",2012,0,0,"Sky Slough C"
"446",341824,"11/14/2012","Chum Salmon",2012,0,0,"Sky Slough C"
"447",341825,"11/19/2012","Chum Salmon",2012,NA,NA,"Sky Slough C"
"448",341826,"11/26/2012","Chum Salmon",2012,16,2,"Sky Slough C"
"449",341828,"10/29/2012","Chum Salmon",2012,NA,NA,"Sky Slough D"
"450",341829,"11/02/2012","Chum Salmon",2012,0,0,"Sky Slough D"
"451",341830,"11/06/2012","Chum Salmon",2012,0,0,"Sky Slough D"
"452",341831,"11/14/2012","Chum Salmon",2012,0,0,"Sky Slough D"
"453",341834,"11/26/2012","Chum Salmon",2012,0,0,"Sky Slough D"
"454",342185,"12/04/2012","Chum Salmon",2012,NA,NA,"Sky Slough (LB)"
"455",342186,"12/11/2012","Chum Salmon",2012,117,405,"Sky Slough (LB)"
"456",342186,"12/11/2012","Coho Salmon",2012,23,3,"Sky Slough (LB)"
"457",342187,"12/21/2012","Chum Salmon",2012,0,158,"Sky Slough (LB)"
"458",342187,"12/21/2012","Coho Salmon",2012,0,1,"Sky Slough (LB)"
"459",342197,"12/04/2012","Chum Salmon",2012,NA,NA,"Sky Slough A"
"460",342198,"12/11/2012","Chum Salmon",2012,16,96,"Sky Slough A"
"461",342198,"12/11/2012","Coho Salmon",2012,10,0,"Sky Slough A"
"462",342199,"12/21/2012","Chum Salmon",2012,0,46,"Sky Slough A"
"463",342199,"12/21/2012","Coho Salmon",2012,0,8,"Sky Slough A"
"464",342243,"12/27/2012","Chum Salmon",2012,1,254,"Sky Slough (LB)"
"465",342243,"12/27/2012","Coho Salmon",2012,0,2,"Sky Slough (LB)"
"466",342244,"12/27/2012","Chum Salmon",2012,0,64,"Sky Slough A"
"467",342244,"12/27/2012","Coho Salmon",2012,1,5,"Sky Slough A"
"468",342245,"11/21/2012","Chum Salmon",2012,NA,15,"Sky Slough A"
"469",342246,"12/04/2012","Chum Salmon",2012,NA,NA,"Sky Slough B"
"470",342247,"12/11/2012","Chum Salmon",2012,15,25,"Sky Slough B"
"471",342248,"12/21/2012","Chum Salmon",2012,0,11,"Sky Slough B"
"472",342248,"12/21/2012","Coho Salmon",2012,0,2,"Sky Slough B"
"473",342249,"12/27/2012","Chum Salmon",2012,0,9,"Sky Slough B"
"474",342249,"12/27/2012","Coho Salmon",2012,0,1,"Sky Slough B"
"475",342250,"12/04/2012","Chum Salmon",2012,NA,NA,"Sky Slough C"
"476",342251,"12/11/2012","Chum Salmon",2012,2,36,"Sky Slough C"
"477",342251,"12/11/2012","Coho Salmon",2012,1,2,"Sky Slough C"
"478",342339,"12/21/2012","Chum Salmon",2012,0,13,"Sky Slough C"
"479",342341,"12/27/2012","Chum Salmon",2012,0,26,"Sky Slough C"
"480",342343,"12/04/2012","Chum Salmon",2012,NA,NA,"Sky Slough D"
"481",342344,"12/11/2012","Chum Salmon",2012,0,0,"Sky Slough D"
"482",342345,"12/21/2012","Chum Salmon",2012,0,2,"Sky Slough D"
"483",342346,"12/27/2012","Chum Salmon",2012,0,0,"Sky Slough D"
"484",363329,"11/14/2013","Chum Salmon",2013,360,49,"Sky Slough (LB)"
"485",363329,"11/14/2013","Coho Salmon",2013,6,0,"Sky Slough (LB)"
"486",363329,"11/14/2013","Pink Salmon",2013,0,200,"Sky Slough (LB)"
"487",363330,"11/14/2013","Chum Salmon",2013,19,1,"Sky Slough A"
"488",363330,"11/14/2013","Coho Salmon",2013,4,0,"Sky Slough A"
"489",363330,"11/14/2013","Pink Salmon",2013,0,100,"Sky Slough A"
"490",363331,"11/14/2013","Chum Salmon",2013,11,0,"Sky Slough B"
"491",363331,"11/14/2013","Pink Salmon",2013,0,50,"Sky Slough B"
"492",363332,"11/14/2013","Chum Salmon",2013,0,0,"Sky Slough C"
"493",363332,"11/14/2013","Pink Salmon",2013,0,25,"Sky Slough C"
"494",363333,"11/14/2013","Chum Salmon",2013,0,0,"Sky Slough D"
"495",363333,"11/14/2013","Pink Salmon",2013,0,25,"Sky Slough D"
"496",365015,"11/21/2013","Chum Salmon",2013,412,96,"Sky Slough (LB)"
"497",365015,"11/21/2013","Coho Salmon",2013,0,0,"Sky Slough (LB)"
"498",365016,"11/26/2013","Chum Salmon",2013,382,280,"Sky Slough (LB)"
"499",365016,"11/26/2013","Coho Salmon",2013,0,0,"Sky Slough (LB)"
"500",365017,"12/05/2013","Chum Salmon",2013,96,219,"Sky Slough (LB)"
"501",365017,"12/05/2013","Coho Salmon",2013,1,0,"Sky Slough (LB)"
"502",365018,"11/21/2013","Chum Salmon",2013,61,3,"Sky Slough A"
"503",365018,"11/21/2013","Coho Salmon",2013,3,0,"Sky Slough A"
"504",365019,"11/30/2013","Chum Salmon",2013,100,21,"Sky Slough A"
"505",365019,"11/30/2013","Coho Salmon",2013,0,4,"Sky Slough A"
"506",365020,"12/05/2013","Chum Salmon",2013,24,21,"Sky Slough A"
"507",365020,"12/05/2013","Coho Salmon",2013,3,0,"Sky Slough A"
"508",365021,"11/21/2013","Chum Salmon",2013,4,0,"Sky Slough B"
"509",365021,"11/21/2013","Coho Salmon",2013,1,0,"Sky Slough B"
"510",365022,"11/26/2013","Chum Salmon",2013,0,10,"Sky Slough B"
"511",365023,"12/05/2013","Chum Salmon",2013,6,4,"Sky Slough B"
"512",365023,"12/05/2013","Coho Salmon",2013,2,0,"Sky Slough B"
"513",365024,"11/21/2013","Chum Salmon",2013,49,0,"Sky Slough C"
"514",365024,"11/21/2013","Coho Salmon",2013,5,0,"Sky Slough C"
"515",365025,"11/26/2013","Chum Salmon",2013,32,14,"Sky Slough C"
"516",365025,"11/26/2013","Coho Salmon",2013,6,1,"Sky Slough C"
"517",365026,"12/05/2013","Chum Salmon",2013,26,18,"Sky Slough C"
"518",365026,"12/05/2013","Coho Salmon",2013,5,1,"Sky Slough C"
"519",365027,"11/21/2013","Chum Salmon",2013,0,0,"Sky Slough D"
"520",365028,"11/26/2013","Chum Salmon",2013,0,0,"Sky Slough D"
"521",365029,"12/05/2013","Chum Salmon",2013,0,0,"Sky Slough D"
"522",365423,"12/12/2013","Coho Salmon",2013,2,0,"Sky Slough (LB)"
"523",365423,"12/12/2013","Chum Salmon",2013,59,308,"Sky Slough (LB)"
"524",365424,"12/19/2013","Chum Salmon",2013,1,319,"Sky Slough (LB)"
"525",365424,"12/19/2013","Coho Salmon",2013,0,0,"Sky Slough (LB)"
"526",365425,"12/12/2013","Chum Salmon",2013,4,20,"Sky Slough A"
"527",365426,"12/19/2013","Chum Salmon",2013,0,28,"Sky Slough A"
"528",365426,"12/19/2013","Coho Salmon",2013,0,1,"Sky Slough A"
"529",365427,"12/12/2013","Chum Salmon",2013,0,13,"Sky Slough B"
"530",365428,"12/19/2013","Chum Salmon",2013,0,21,"Sky Slough B"
"531",365429,"12/12/2013","Chum Salmon",2013,6,33,"Sky Slough C"
"532",365430,"12/19/2013","Chum Salmon",2013,0,37,"Sky Slough C"
"533",365431,"12/12/2013","Chum Salmon",2013,0,0,"Sky Slough D"
"534",365432,"12/19/2013","Chum Salmon",2013,0,0,"Sky Slough D"
"535",366270,"12/27/2013","Chum Salmon",2013,0,273,"Sky Slough (LB)"
"536",366270,"12/27/2013","Coho Salmon",2013,0,0,"Sky Slough (LB)"
"537",366271,"12/27/2013","Chum Salmon",2013,0,18,"Sky Slough A"
"538",366271,"12/27/2013","Coho Salmon",2013,2,0,"Sky Slough A"
"539",366272,"12/27/2013","Chum Salmon",2013,0,15,"Sky Slough B"
"540",366273,"12/27/2013","Chum Salmon",2013,0,13,"Sky Slough C"
"541",366274,"12/27/2013","Chum Salmon",2013,0,0,"Sky Slough D"
"542",389950,"10/30/2014","Chum Salmon",2014,324,7,"Sky Slough (LB)"
"543",389950,"10/30/2014","Sockeye Salmon",2014,3,0,"Sky Slough (LB)"
"544",389950,"10/30/2014","Coho Salmon",2014,0,0,"Sky Slough (LB)"
"545",389951,"11/06/2014","Chum Salmon",2014,NA,NA,"Sky Slough (LB)"
"546",389951,"11/06/2014","Coho Salmon",2014,NA,NA,"Sky Slough (LB)"
"547",389952,"11/10/2014","Chum Salmon",2014,513,148,"Sky Slough (LB)"
"548",389952,"11/10/2014","Coho Salmon",2014,0,0,"Sky Slough (LB)"
"549",389961,"10/30/2014","Chum Salmon",2014,4,0,"Sky Slough A"
"550",389962,"11/06/2014","Chum Salmon",2014,13,1,"Sky Slough A"
"551",389963,"11/13/2014","Chum Salmon",2014,103,5,"Sky Slough A"
"552",389964,"10/30/2014","Chum Salmon",2014,0,0,"Sky Slough B"
"553",389965,"11/06/2014","Chum Salmon",2014,10,0,"Sky Slough B"
"554",389966,"11/13/2014","Chum Salmon",2014,0,0,"Sky Slough B"
"555",389967,"10/30/2014","Chum Salmon",2014,NA,NA,"Sky Slough C"
"556",389968,"11/06/2014","Chum Salmon",2014,0,1,"Sky Slough C"
"557",389968,"11/06/2014","Coho Salmon",2014,5,0,"Sky Slough C"
"558",389969,"11/13/2014","Chum Salmon",2014,2,0,"Sky Slough C"
"559",389970,"10/30/2014","Chum Salmon",2014,0,0,"Sky Slough D"
"560",389971,"11/06/2014","Chum Salmon",2014,0,0,"Sky Slough D"
"561",389972,"11/13/2014","Chum Salmon",2014,0,0,"Sky Slough D"
"562",392162,"11/17/2014","Chum Salmon",2014,498,417,"Sky Slough (LB)"
"563",392162,"11/17/2014","Coho Salmon",2014,0,0,"Sky Slough (LB)"
"564",392163,"11/25/2014","Chum Salmon",2014,204,278,"Sky Slough (LB)"
"565",392163,"11/25/2014","Coho Salmon",2014,0,0,"Sky Slough (LB)"
"566",392164,"12/04/2014","Chum Salmon",2014,96,50,"Sky Slough (LB)"
"567",392164,"12/04/2014","Coho Salmon",2014,0,0,"Sky Slough (LB)"
"568",392165,"12/16/2014","Chum Salmon",2014,58,95,"Sky Slough (LB)"
"569",392166,"12/24/2014","Chum Salmon",2014,NA,NA,"Sky Slough (LB)"
"570",392166,"12/24/2014","Coho Salmon",2014,NA,NA,"Sky Slough (LB)"
"571",392167,"12/31/2014","Chum Salmon",2014,0,29,"Sky Slough (LB)"
"572",392167,"12/31/2014","Coho Salmon",2014,0,0,"Sky Slough (LB)"
"573",392174,"11/21/2014","Chum Salmon",2014,20,47,"Sky Slough A"
"574",392175,"12/04/2014","Chum Salmon",2014,19,7,"Sky Slough A"
"575",392176,"12/16/2014","Chum Salmon",2014,9,2,"Sky Slough A"
"576",392177,"12/24/2014","Chum Salmon",2014,NA,NA,"Sky Slough A"
"577",392178,"12/31/2014","Chum Salmon",2014,0,0,"Sky Slough A"
"578",392179,"11/21/2014","Chum Salmon",2014,0,3,"Sky Slough B"
"579",392180,"12/04/2014","Chum Salmon",2014,27,4,"Sky Slough B"
"580",392181,"12/16/2014","Chum Salmon",2014,0,13,"Sky Slough B"
"581",392182,"12/31/2014","Chum Salmon",2014,0,2,"Sky Slough B"
"582",392183,"11/21/2014","Chum Salmon",2014,0,3,"Sky Slough C"
"583",392184,"12/04/2014","Chum Salmon",2014,42,13,"Sky Slough C"
"584",392185,"12/16/2014","Chum Salmon",2014,0,16,"Sky Slough C"
"585",392186,"12/31/2014","Chum Salmon",2014,0,17,"Sky Slough C"
"586",392187,"11/21/2014","Chum Salmon",2014,0,0,"Sky Slough D"
"587",392187,"11/21/2014","Coho Salmon",2014,0,1,"Sky Slough D"
"588",392188,"12/04/2014","Chum Salmon",2014,0,0,"Sky Slough D"
"589",392189,"12/16/2014","Chum Salmon",2014,0,0,"Sky Slough D"
"590",392190,"12/31/2014","Chum Salmon",2014,0,0,"Sky Slough D"
"591",410756,"10/23/2015","Chum Salmon",2015,NA,NA,"Sky Slough A"
"592",410757,"10/29/2015","Chum Salmon",2015,NA,NA,"Sky Slough A"
"593",410758,"11/06/2015","Chum Salmon",2015,7,0,"Sky Slough A"
"594",410759,"11/06/2015","Chum Salmon",2015,0,0,"Sky Slough B"
"595",410760,"11/06/2015","Chum Salmon",2015,0,0,"Sky Slough C"
"596",410798,"11/06/2015","Chum Salmon",2015,0,0,"Sky Slough D"
"597",410805,"10/20/2015","Chum Salmon",2015,1,0,"Sky Slough (LB)"
"598",410805,"10/20/2015","Coho Salmon",2015,0,0,"Sky Slough (LB)"
"599",410806,"10/29/2015","Chum Salmon",2015,8,0,"Sky Slough (LB)"
"600",410807,"11/06/2015","Chum Salmon",2015,28,0,"Sky Slough (LB)"
"601",410807,"11/06/2015","Coho Salmon",2015,0,0,"Sky Slough (LB)"
"602",411259,"11/23/2015","Chum Salmon",2015,18,8,"Sky Slough (LB)"
"603",411259,"11/23/2015","Coho Salmon",2015,0,0,"Sky Slough (LB)"
"604",411260,"11/30/2015","Chum Salmon",2015,85,26,"Sky Slough (LB)"
"605",411260,"11/30/2015","Coho Salmon",2015,0,0,"Sky Slough (LB)"
"606",411261,"11/23/2015","Chum Salmon",2015,8,3,"Sky Slough A"
"607",411263,"11/30/2015","Chum Salmon",2015,37,11,"Sky Slough A"
"608",411264,"11/23/2015","Chum Salmon",2015,0,0,"Sky Slough B"
"609",411266,"11/30/2015","Chum Salmon",2015,0,0,"Sky Slough B"
"610",411267,"11/23/2015","Chum Salmon",2015,81,6,"Sky Slough C"
"611",411268,"11/30/2015","Chum Salmon",2015,11,79,"Sky Slough C"
"612",411269,"11/23/2015","Chum Salmon",2015,NA,NA,"Sky Slough D"
"613",411271,"11/30/2015","Chum Salmon",2015,NA,NA,"Sky Slough D"
"614",411823,"12/09/2015","Chum Salmon",2015,NA,NA,"Sky Slough A"
"615",411824,"12/09/2015","Chum Salmon",2015,NA,NA,"Sky Slough (LB)"
"616",411950,"12/15/2015","Chum Salmon",2015,0,18,"Sky Slough A"
"617",411951,"12/15/2015","Chum Salmon",2015,0,7,"Sky Slough B"
"618",411952,"12/15/2015","Chum Salmon",2015,0,23,"Sky Slough C"
"619",411953,"12/15/2015","Chum Salmon",2015,0,3,"Sky Slough D"
"620",411954,"12/15/2015","Chum Salmon",2015,0,57,"Sky Slough (LB)"
"621",411954,"12/15/2015","Coho Salmon",2015,0,0,"Sky Slough (LB)"
"622",411963,"12/21/2015","Chum Salmon",2015,0,39,"Sky Slough (LB)"
"623",411963,"12/21/2015","Coho Salmon",2015,0,0,"Sky Slough (LB)"
"624",411964,"12/22/2015","Chum Salmon",2015,0,6,"Sky Slough A"
"625",411965,"12/22/2015","Chum Salmon",2015,0,3,"Sky Slough B"
"626",411966,"12/22/2015","Chum Salmon",2015,0,11,"Sky Slough C"
"627",411967,"12/22/2015","Chum Salmon",2015,0,0,"Sky Slough D"
"628",412269,"12/04/2015","Chum Salmon",2015,91,45,"Sky Slough (LB)"
"629",412272,"12/04/2015","Chum Salmon",2015,25,43,"Sky Slough A"
"630",412272,"12/04/2015","Coho Salmon",2015,2,0,"Sky Slough A"
"631",412275,"12/04/2015","Chum Salmon",2015,0,11,"Sky Slough B"
"632",412276,"12/04/2015","Chum Salmon",2015,0,74,"Sky Slough C"
"633",412277,"12/04/2015","Chum Salmon",2015,0,0,"Sky Slough D"
"634",445435,"10/26/2016","Chum Salmon",2016,12,0,"Sky Slough A"
"635",445436,"11/03/2016","Chum Salmon",2016,37,2,"Sky Slough A"
"636",445437,"11/07/2016","Chum Salmon",2016,84,22,"Sky Slough A"
"637",445437,"11/07/2016","Coho Salmon",2016,0,1,"Sky Slough A"
"638",445438,"11/15/2016","Chum Salmon",2016,NA,NA,"Sky Slough A"
"639",445439,"11/21/2016","Chum Salmon",2016,76,116,"Sky Slough A"
"640",445440,"11/28/2016","Chum Salmon",2016,45,196,"Sky Slough A"
"641",445441,"12/05/2016","Chum Salmon",2016,9,124,"Sky Slough A"
"642",445442,"12/13/2016","Chum Salmon",2016,3,138,"Sky Slough A"
"643",445443,"10/26/2016","Chum Salmon",2016,0,0,"Sky Slough B"
"644",445444,"11/03/2016","Chum Salmon",2016,NA,NA,"Sky Slough B"
"645",445445,"11/07/2016","Chum Salmon",2016,7,1,"Sky Slough B"
"646",445446,"11/21/2016","Chum Salmon",2016,3,6,"Sky Slough B"
"647",445447,"11/28/2016","Chum Salmon",2016,6,7,"Sky Slough B"
"648",445448,"12/05/2016","Chum Salmon",2016,0,6,"Sky Slough B"
"649",445449,"12/13/2016","Chum Salmon",2016,4,18,"Sky Slough B"
"650",445450,"10/26/2016","Chum Salmon",2016,0,0,"Sky Slough C"
"651",445451,"11/03/2016","Chum Salmon",2016,14,4,"Sky Slough C"
"652",445452,"11/07/2016","Chum Salmon",2016,18,10,"Sky Slough C"
"653",445453,"11/21/2016","Chum Salmon",2016,27,52,"Sky Slough C"
"654",445454,"11/28/2016","Chum Salmon",2016,41,75,"Sky Slough C"
"655",445455,"12/05/2016","Chum Salmon",2016,10,84,"Sky Slough C"
"656",445456,"12/13/2016","Chum Salmon",2016,7,99,"Sky Slough C"
"657",445457,"10/26/2016","Chum Salmon",2016,0,1,"Sky Slough D"
"658",445458,"11/03/2016","Chum Salmon",2016,NA,NA,"Sky Slough D"
"659",445459,"11/07/2016","Chum Salmon",2016,0,0,"Sky Slough D"
"660",445460,"11/21/2016","Chum Salmon",2016,0,0,"Sky Slough D"
"661",445461,"11/28/2016","Chum Salmon",2016,0,0,"Sky Slough D"
"662",445462,"12/05/2016","Chum Salmon",2016,0,0,"Sky Slough D"
"663",445463,"12/13/2016","Chum Salmon",2016,0,0,"Sky Slough D"
"664",445477,"10/26/2016","Chum Salmon",2016,56,3,"Sky Slough (LB)"
"665",445477,"10/26/2016","Coho Salmon",2016,NA,NA,"Sky Slough (LB)"
"666",445478,"11/03/2016","Chum Salmon",2016,NA,NA,"Sky Slough (LB)"
"667",445478,"11/03/2016","Coho Salmon",2016,NA,NA,"Sky Slough (LB)"
"668",445479,"11/07/2016","Chum Salmon",2016,131,18,"Sky Slough (LB)"
"669",445479,"11/07/2016","Coho Salmon",2016,0,0,"Sky Slough (LB)"
"670",445480,"11/15/2016","Chum Salmon",2016,NA,NA,"Sky Slough (LB)"
"671",445480,"11/15/2016","Coho Salmon",2016,NA,NA,"Sky Slough (LB)"
"672",445481,"11/21/2016","Chum Salmon",2016,68,263,"Sky Slough (LB)"
"673",445481,"11/21/2016","Coho Salmon",2016,0,0,"Sky Slough (LB)"
"674",445482,"11/28/2016","Chum Salmon",2016,68,179,"Sky Slough (LB)"
"675",445482,"11/28/2016","Coho Salmon",2016,0,0,"Sky Slough (LB)"
"676",445483,"12/05/2016","Chum Salmon",2016,36,79,"Sky Slough (LB)"
"677",445483,"12/05/2016","Coho Salmon",2016,0,0,"Sky Slough (LB)"
"678",445484,"12/13/2016","Chum Salmon",2016,33,88,"Sky Slough (LB)"
"679",445484,"12/13/2016","Coho Salmon",2016,0,0,"Sky Slough (LB)"
"680",445806,"12/20/2016","Chum Salmon",2016,0,133,"Sky Slough A"
"681",445807,"12/20/2016","Chum Salmon",2016,0,23,"Sky Slough B"
"682",445808,"12/20/2016","Chum Salmon",2016,0,101,"Sky Slough C"
"683",445810,"12/20/2016","Chum Salmon",2016,0,0,"Sky Slough D"
"684",445811,"12/20/2016","Chum Salmon",2016,0,131,"Sky Slough (LB)"
"685",445811,"12/20/2016","Coho Salmon",2016,0,0,"Sky Slough (LB)"
"686",492687,"11/13/2017","Chum Salmon",2017,0,0,"Sky Slough A"
"687",492688,"11/20/2017","Chum Salmon",2017,1,0,"Sky Slough A"
"688",492689,"11/29/2017","Chum Salmon",2017,25,6,"Sky Slough A"
"689",492690,"11/13/2017","Chum Salmon",2017,0,0,"Sky Slough B"
"690",492691,"11/20/2017","Chum Salmon",2017,0,0,"Sky Slough B"
"691",492692,"11/29/2017","Chum Salmon",2017,0,0,"Sky Slough B"
"692",492693,"11/13/2017","Chum Salmon",2017,0,0,"Sky Slough C"
"693",492694,"11/20/2017","Chum Salmon",2017,0,0,"Sky Slough C"
"694",492695,"11/29/2017","Chum Salmon",2017,17,5,"Sky Slough C"
"695",492696,"11/13/2017","Chum Salmon",2017,0,0,"Sky Slough D"
"696",492697,"11/20/2017","Chum Salmon",2017,NA,NA,"Sky Slough D"
"697",492698,"11/29/2017","Chum Salmon",2017,NA,NA,"Sky Slough D"
"698",492699,"11/09/2017","Chum Salmon",2017,133,17,"Sky Slough (LB)"
"699",492699,"11/09/2017","Coho Salmon",2017,0,0,"Sky Slough (LB)"
"700",492700,"11/13/2017","Chum Salmon",2017,89,16,"Sky Slough (LB)"
"701",492700,"11/13/2017","Coho Salmon",2017,0,1,"Sky Slough (LB)"
"702",492701,"11/20/2017","Chum Salmon",2017,NA,NA,"Sky Slough (LB)"
"703",492701,"11/20/2017","Coho Salmon",2017,NA,NA,"Sky Slough (LB)"
"704",492702,"11/29/2017","Chum Salmon",2017,1,3,"Sky Slough (LB)"
"705",492702,"11/29/2017","Coho Salmon",2017,0,0,"Sky Slough (LB)"
"706",494630,"12/05/2017","Chum Salmon",2017,2,0,"Sky Slough A"
"707",494631,"12/11/2017","Chum Salmon",2017,0,6,"Sky Slough A"
"708",494632,"12/05/2017","Chum Salmon",2017,4,3,"Sky Slough B"
"709",494633,"12/11/2017","Chum Salmon",2017,5,3,"Sky Slough B"
"710",494634,"12/05/2017","Chum Salmon",2017,9,27,"Sky Slough C"
"711",494635,"12/11/2017","Chum Salmon",2017,0,9,"Sky Slough C"
"712",494636,"12/05/2017","Chum Salmon",2017,NA,NA,"Sky Slough D"
"713",494637,"12/11/2017","Chum Salmon",2017,NA,NA,"Sky Slough D"
"714",494638,"12/05/2017","Chum Salmon",2017,32,27,"Sky Slough (LB)"
"715",494638,"12/05/2017","Coho Salmon",2017,0,0,"Sky Slough (LB)"
"716",494639,"12/11/2017","Chum Salmon",2017,40,24,"Sky Slough (LB)"
"717",494639,"12/11/2017","Coho Salmon",2017,0,0,"Sky Slough (LB)"
"718",494785,"12/18/2017","Chum Salmon",2017,NA,NA,"Sky Slough A"
"719",494786,"12/18/2017","Chum Salmon",2017,NA,NA,"Sky Slough B"
"720",494788,"12/18/2017","Chum Salmon",2017,NA,NA,"Sky Slough C"
"721",494789,"12/18/2017","Chum Salmon",2017,NA,NA,"Sky Slough D"
"722",494790,"12/18/2017","Chum Salmon",2017,NA,NA,"Sky Slough (LB)"
"723",494790,"12/18/2017","Coho Salmon",2017,NA,NA,"Sky Slough (LB)"
"724",495104,"12/20/2017","Chum Salmon",2017,0,0,"Sky Slough (LB)"
"725",495104,"12/20/2017","Coho Salmon",2017,NA,NA,"Sky Slough (LB)"
"726",495105,"12/20/2017","Chum Salmon",2017,0,0,"Sky Slough A"
"727",495106,"12/20/2017","Chum Salmon",2017,0,0,"Sky Slough B"
"728",495107,"12/20/2017","Chum Salmon",2017,0,0,"Sky Slough C"
"729",495108,"12/20/2017","Chum Salmon",2017,0,0,"Sky Slough D"
"730",495114,"01/04/2018","Chum Salmon",2017,0,0,"Sky Slough A"
"731",495115,"01/04/2018","Chum Salmon",2017,0,0,"Sky Slough B"
"732",495116,"01/04/2018","Chum Salmon",2017,0,18,"Sky Slough C"
"733",495117,"01/04/2018","Chum Salmon",2017,0,0,"Sky Slough D"
"734",495118,"01/04/2018","Chum Salmon",2017,1,2,"Sky Slough (LB)"
"735",495118,"01/04/2018","Coho Salmon",2017,0,0,"Sky Slough (LB)"
"736",567421,"10/30/2018","Coho Salmon",2018,0,0,"Sky Slough (LB)"
"737",567421,"10/30/2018","Chum Salmon",2018,179,5,"Sky Slough (LB)"
"738",567427,"10/31/2018","Chum Salmon",2018,0,0,"Sky Slough A"
"739",567427,"10/31/2018","Coho Salmon",2018,1,0,"Sky Slough A"
"740",567428,"10/31/2018","Chum Salmon",2018,0,0,"Sky Slough B"
"741",567429,"10/31/2018","Chum Salmon",2018,0,0,"Sky Slough C"
"742",567430,"10/31/2018","Chum Salmon",2018,0,0,"Sky Slough D"
"743",567453,"11/09/2018","Chum Salmon",2018,150,2,"Sky Slough (LB)"
"744",567453,"11/09/2018","Coho Salmon",2018,0,0,"Sky Slough (LB)"
"745",567475,"11/09/2018","Chum Salmon",2018,0,1,"Sky Slough C"
"746",567473,"11/09/2018","Chum Salmon",2018,3,0,"Sky Slough A"
"747",567474,"11/09/2018","Chum Salmon",2018,0,0,"Sky Slough B"
"748",567476,"11/09/2018","Chum Salmon",2018,0,0,"Sky Slough D"
"749",567502,"11/16/2018","Chum Salmon",2018,14,6,"Sky Slough A"
"750",567503,"11/16/2018","Chum Salmon",2018,0,0,"Sky Slough B"
"751",567504,"11/16/2018","Chum Salmon",2018,0,0,"Sky Slough D"
"752",567505,"11/16/2018","Chum Salmon",2018,9,4,"Sky Slough C"
"753",567509,"11/17/2018","Chum Salmon",2018,312,132,"Sky Slough (LB)"
"754",567509,"11/17/2018","Coho Salmon",2018,0,0,"Sky Slough (LB)"
"755",569349,"12/03/2018","Coho Salmon",2018,0,0,"Sky Slough (LB)"
"756",569331,"11/29/2018","Chum Salmon",2018,NA,45,"Sky Slough (LB)"
"757",569345,"12/03/2018","Coho Salmon",2018,2,1,"Sky Slough A"
"758",569345,"12/03/2018","Chum Salmon",2018,12,5,"Sky Slough A"
"759",569346,"12/03/2018","Chum Salmon",2018,0,0,"Sky Slough B"
"760",569347,"12/03/2018","Chum Salmon",2018,0,0,"Sky Slough D"
"761",569348,"12/03/2018","Chum Salmon",2018,13,13,"Sky Slough C"
"762",569349,"12/03/2018","Chum Salmon",2018,94,132,"Sky Slough (LB)"
"763",571077,"12/10/2018","Chum Salmon",2018,40,88,"Sky Slough (LB)"
"764",571077,"12/10/2018","Coho Salmon",2018,0,0,"Sky Slough (LB)"
"765",571078,"12/10/2018","Chum Salmon",2018,3,1,"Sky Slough A"
"766",571079,"12/10/2018","Chum Salmon",2018,0,0,"Sky Slough B"
"767",571080,"12/10/2018","Chum Salmon",2018,8,7,"Sky Slough C"
"768",571080,"12/10/2018","Coho Salmon",2018,2,0,"Sky Slough C"
"769",571081,"12/10/2018","Chum Salmon",2018,0,0,"Sky Slough D"
"770",571112,"12/18/2018","Chum Salmon",2018,NA,NA,"Sky Slough A"
"771",571113,"12/18/2018","Chum Salmon",2018,NA,NA,"Sky Slough B"
"772",571114,"12/18/2018","Chum Salmon",2018,NA,NA,"Sky Slough C"
"773",571115,"12/18/2018","Chum Salmon",2018,NA,NA,"Sky Slough D"
"774",571154,"12/26/2018","Chum Salmon",2018,0,41,"Sky Slough (LB)"
"775",571154,"12/26/2018","Coho Salmon",2018,0,0,"Sky Slough (LB)"
"776",571155,"12/26/2018","Chum Salmon",2018,0,0,"Sky Slough A"
"777",571155,"12/26/2018","Coho Salmon",2018,1,0,"Sky Slough A"
"778",571156,"12/26/2018","Chum Salmon",2018,0,0,"Sky Slough B"
"779",571157,"12/26/2018","Chum Salmon",2018,0,2,"Sky Slough C"
"780",571158,"12/26/2018","Chum Salmon",2018,0,0,"Sky Slough D"
"781",571204,"12/18/2018","Chum Salmon",2018,NA,NA,"Sky Slough (LB)"
"782",571204,"12/18/2018","Coho Salmon",2018,NA,NA,"Sky Slough (LB)"
"783",571983,"11/20/2018","Chum Salmon",2018,NA,NA,"Sky Slough (LB)"
"784",576155,"11/21/2008","Chum Salmon",2008,NA,86,"Sky Slough (LB)"
"785",576160,"11/24/2008","Chum Salmon",2008,NA,NA,"Sky Slough (LB)"
"786",576161,"12/12/2008","Chum Salmon",2008,NA,NA,"Sky Slough (LB)"
"787",576162,"12/04/2008","Chum Salmon",2008,NA,NA,"Sky Slough (LB)"
"788",603604,"10/31/2019","Pink Salmon",2019,3,29,"Sky Slough A"
"789",603604,"10/31/2019","Chum Salmon",2019,0,0,"Sky Slough A"
"790",603605,"10/31/2019","Chum Salmon",2019,0,0,"Sky Slough B"
"791",603606,"10/31/2019","Chum Salmon",2019,0,0,"Sky Slough C"
"792",603607,"10/31/2019","Chum Salmon",2019,0,0,"Sky Slough D"
"793",603609,"10/31/2019","Chum Salmon",2019,2,0,"Sky Slough (LB)"
"794",603609,"10/31/2019","Coho Salmon",2019,0,0,"Sky Slough (LB)"
"795",603631,"11/07/2019","Chum Salmon",2019,0,0,"Sky Slough A"
"796",603632,"11/07/2019","Chum Salmon",2019,0,0,"Sky Slough B"
"797",603633,"11/07/2019","Chum Salmon",2019,0,0,"Sky Slough D"
"798",603634,"11/07/2019","Chum Salmon",2019,0,0,"Sky Slough C"
"799",603634,"11/07/2019","Pink Salmon",2019,2,NA,"Sky Slough C"
"800",603637,"11/07/2019","Coho Salmon",2019,0,0,"Sky Slough (LB)"
"801",603637,"11/07/2019","Chum Salmon",2019,14,5,"Sky Slough (LB)"
"802",603637,"11/07/2019","Pink Salmon",2019,0,15,"Sky Slough (LB)"
"803",603677,"11/12/2019","Chum Salmon",2019,5,0,"Sky Slough (LB)"
"804",603677,"11/12/2019","Coho Salmon",2019,0,0,"Sky Slough (LB)"
"805",603678,"11/12/2019","Chum Salmon",2019,0,0,"Sky Slough A"
"806",603679,"11/12/2019","Chum Salmon",2019,0,0,"Sky Slough B"
"807",603680,"11/12/2019","Chum Salmon",2019,0,0,"Sky Slough C"
"808",603681,"11/12/2019","Chum Salmon",2019,0,0,"Sky Slough D"
"809",603685,"11/18/2019","Chum Salmon",2019,14,0,"Sky Slough (LB)"
"810",603685,"11/18/2019","Coho Salmon",2019,0,0,"Sky Slough (LB)"
"811",603686,"11/18/2019","Chum Salmon",2019,0,0,"Sky Slough A"
"812",603687,"11/18/2019","Chum Salmon",2019,0,0,"Sky Slough B"
"813",603688,"11/18/2019","Chum Salmon",2019,0,0,"Sky Slough C"
"814",603689,"11/18/2019","Chum Salmon",2019,0,0,"Sky Slough D"
"815",603729,"11/21/2019","Chum Salmon",2019,89,4,"Sky Slough (LB)"
"816",603729,"11/21/2019","Coho Salmon",2019,0,0,"Sky Slough (LB)"
"817",603735,"11/26/2019","Chum Salmon",2019,0,0,"Sky Slough A"
"818",603735,"11/26/2019","Coho Salmon",2019,1,NA,"Sky Slough A"
"819",603736,"11/26/2019","Chum Salmon",2019,0,0,"Sky Slough B"
"820",603737,"11/26/2019","Chum Salmon",2019,0,0,"Sky Slough D"
"821",603738,"11/26/2019","Chum Salmon",2019,1,0,"Sky Slough C"
"822",603754,"11/26/2019","Chum Salmon",2019,64,13,"Sky Slough (LB)"
"823",603754,"11/26/2019","Coho Salmon",2019,0,0,"Sky Slough (LB)"
"824",604202,"12/05/2019","Coho Salmon",2019,NA,1,"Sky Slough A"
"825",604202,"12/05/2019","Chum Salmon",2019,0,0,"Sky Slough A"
"826",604203,"12/05/2019","Coho Salmon",2019,NA,1,"Sky Slough C"
"827",604203,"12/05/2019","Chum Salmon",2019,1,0,"Sky Slough C"
"828",604203,"12/05/2019","Sockeye Salmon",2019,NA,1,"Sky Slough C"
"829",604204,"12/05/2019","Chum Salmon",2019,0,0,"Sky Slough B"
"830",604205,"12/05/2019","Chum Salmon",2019,0,0,"Sky Slough D"
"831",604208,"12/05/2019","Chum Salmon",2019,74,58,"Sky Slough (LB)"
"832",604208,"12/05/2019","Coho Salmon",2019,0,0,"Sky Slough (LB)"
"833",604228,"12/11/2019","Chum Salmon",2019,2,0,"Sky Slough A"
"834",604229,"12/11/2019","Chum Salmon",2019,NA,NA,"Sky Slough B"
"835",604230,"12/11/2019","Chum Salmon",2019,0,0,"Sky Slough C"
"836",604231,"12/11/2019","Chum Salmon",2019,NA,NA,"Sky Slough D"
"837",604232,"12/11/2019","Chum Salmon",2019,39,121,"Sky Slough (LB)"
"838",604232,"12/11/2019","Coho Salmon",2019,0,1,"Sky Slough (LB)"
"839",604286,"12/18/2019","Chum Salmon",2019,19,89,"Sky Slough (LB)"
"840",604286,"12/18/2019","Coho Salmon",2019,0,0,"Sky Slough (LB)"
"841",604287,"12/18/2019","Chum Salmon",2019,2,0,"Sky Slough A"
"842",604288,"12/18/2019","Chum Salmon",2019,NA,NA,"Sky Slough B"
"843",604289,"12/18/2019","Chum Salmon",2019,0,1,"Sky Slough C"
"844",604290,"12/18/2019","Chum Salmon",2019,NA,NA,"Sky Slough D"
"845",605123,"12/30/2019","Chum Salmon",2019,0,6,"Sky Slough (LB)"
"846",605124,"12/30/2019","Chum Salmon",2019,0,0,"Sky Slough A"
"847",605125,"12/30/2019","Chum Salmon",2019,0,0,"Sky Slough B"
"848",605126,"12/30/2019","Chum Salmon",2019,0,0,"Sky Slough C"
"849",605127,"12/30/2019","Chum Salmon",2019,0,0,"Sky Slough D"
"850",653159,"10/22/2020","Chum Salmon",2020,0,0,"Sky Slough D"
"851",653160,"10/22/2020","Chum Salmon",2020,0,0,"Sky Slough C"
"852",653161,"10/22/2020","Chum Salmon",2020,2,0,"Sky Slough B"
"853",653162,"10/22/2020","Chum Salmon",2020,0,0,"Sky Slough A"
"854",654364,"10/22/2020","Chum Salmon",2020,93,6,"Sky Slough (LB)"
"855",654364,"10/22/2020","Coho Salmon",2020,0,0,"Sky Slough (LB)"
"856",654391,"10/29/2020","Chum Salmon",2020,0,0,"Sky Slough A"
"857",654392,"10/29/2020","Chum Salmon",2020,0,0,"Sky Slough B"
"858",654393,"10/29/2020","Chum Salmon",2020,0,0,"Sky Slough C"
"859",654394,"10/29/2020","Chum Salmon",2020,0,0,"Sky Slough D"
"860",654407,"10/29/2020","Chinook Salmon",2020,1,1,"Sky Slough (LB)"
"861",654407,"10/29/2020","Chum Salmon",2020,266,43,"Sky Slough (LB)"
"862",654407,"10/29/2020","Coho Salmon",2020,0,0,"Sky Slough (LB)"
"863",656654,"11/12/2020","Chum Salmon",2020,16,3,"Sky Slough A"
"864",656655,"11/12/2020","Chum Salmon",2020,28,0,"Sky Slough B"
"865",656656,"11/12/2020","Chum Salmon",2020,5,2,"Sky Slough C"
"866",656657,"11/12/2020","Chum Salmon",2020,0,0,"Sky Slough D"
"867",656661,"11/10/2020","Chum Salmon",2020,876,78,"Sky Slough (LB)"
"868",656661,"11/10/2020","Coho Salmon",2020,0,0,"Sky Slough (LB)"
"869",656681,"11/13/2020","Chum Salmon",2020,NA,47,"Sky Slough (LB)"
"870",656681,"11/13/2020","Coho Salmon",2020,NA,NA,"Sky Slough (LB)"
"871",656697,"11/18/2020","Chum Salmon",2020,24,0,"Sky Slough A"
"872",656698,"11/18/2020","Chum Salmon",2020,0,0,"Sky Slough B"
"873",656699,"11/18/2020","Chum Salmon",2020,15,2,"Sky Slough C"
"874",656700,"11/18/2020","Chum Salmon",2020,0,0,"Sky Slough D"
"875",656702,"11/17/2020","Chum Salmon",2020,677,114,"Sky Slough (LB)"
"876",656702,"11/17/2020","Coho Salmon",2020,0,0,"Sky Slough (LB)"
"877",656733,"11/20/2020","Chum Salmon",2020,NA,40,"Sky Slough (LB)"
"878",656762,"11/25/2020","Chum Salmon",2020,507,243,"Sky Slough (LB)"
"879",656762,"11/25/2020","Coho Salmon",2020,0,0,"Sky Slough (LB)"
"880",656763,"11/25/2020","Chum Salmon",2020,52,10,"Sky Slough A"
"881",656764,"11/25/2020","Chum Salmon",2020,37,7,"Sky Slough B"
"882",656765,"11/25/2020","Chum Salmon",2020,13,8,"Sky Slough C"
"883",656765,"11/25/2020","Coho Salmon",2020,1,0,"Sky Slough C"
"884",656766,"11/25/2020","Chum Salmon",2020,0,0,"Sky Slough D"
"885",656787,"12/03/2020","Chum Salmon",2020,194,591,"Sky Slough (LB)"
"886",656787,"12/03/2020","Coho Salmon",2020,0,0,"Sky Slough (LB)"
"887",658186,"12/03/2020","Chum Salmon",2020,11,14,"Sky Slough A"
"888",658187,"12/03/2020","Chum Salmon",2020,0,0,"Sky Slough B"
"889",658189,"12/03/2020","Chum Salmon",2020,14,31,"Sky Slough C"
"890",658190,"12/03/2020","Chum Salmon",2020,0,0,"Sky Slough D"
"891",658226,"12/10/2020","Chum Salmon",2020,41,455,"Sky Slough (LB)"
"892",658226,"12/10/2020","Coho Salmon",2020,0,0,"Sky Slough (LB)"
"893",658260,"12/10/2020","Chum Salmon",2020,8,7,"Sky Slough A"
"894",658261,"12/10/2020","Chum Salmon",2020,0,0,"Sky Slough B"
"895",658262,"12/10/2020","Chum Salmon",2020,7,23,"Sky Slough C"
"896",658263,"12/10/2020","Chum Salmon",2020,0,0,"Sky Slough D"
"897",658289,"12/21/2020","Chum Salmon",2020,NA,NA,"Sky Slough (LB)"
"898",658289,"12/21/2020","Coho Salmon",2020,NA,NA,"Sky Slough (LB)"
"899",658290,"12/21/2020","Chum Salmon",2020,NA,NA,"Sky Slough A"
"900",658291,"12/21/2020","Chum Salmon",2020,NA,NA,"Sky Slough B"
"901",658292,"12/21/2020","Chum Salmon",2020,NA,NA,"Sky Slough C"
"902",658293,"12/21/2020","Chum Salmon",2020,NA,NA,"Sky Slough D"
"903",658740,"01/11/2021","Chum Salmon",2020,0,0,"Sky Slough (LB)"
"904",658740,"01/11/2021","Coho Salmon",2020,0,0,"Sky Slough (LB)"
"905",659101,"12/28/2020","Chum Salmon",2020,0,55,"Sky Slough (LB)"
"906",659101,"12/28/2020","Coho Salmon",2020,7,0,"Sky Slough (LB)"
"907",659102,"12/28/2020","Chum Salmon",2020,0,7,"Sky Slough A"
"908",659103,"12/28/2020","Chum Salmon",2020,0,4,"Sky Slough B"
"909",659104,"12/28/2020","Chum Salmon",2020,0,4,"Sky Slough C"
"910",659105,"12/28/2020","Chum Salmon",2020,0,0,"Sky Slough D"
"911",679330,"10/27/2021","Chum Salmon",2021,NA,NA,"Sky Slough (LB)"
"912",679330,"10/27/2021","Coho Salmon",2021,0,0,"Sky Slough (LB)"
"913",679332,"10/27/2021","Chum Salmon",2021,NA,NA,"Sky Slough A"
"914",679333,"10/27/2021","Chum Salmon",2021,NA,NA,"Sky Slough B"
"915",679334,"10/27/2021","Chum Salmon",2021,NA,NA,"Sky Slough C"
"916",679335,"10/27/2021","Chum Salmon",2021,NA,NA,"Sky Slough D"
"917",679337,"11/02/2021","Chum Salmon",2021,0,0,"Sky Slough A"
"918",679337,"11/02/2021","Coho Salmon",2021,0,0,"Sky Slough A"
"919",679337,"11/02/2021","Pink Salmon",2021,0,11,"Sky Slough A"
"920",679338,"11/02/2021","Chum Salmon",2021,0,0,"Sky Slough B"
"921",679338,"11/02/2021","Pink Salmon",2021,0,2,"Sky Slough B"
"922",679338,"11/02/2021","Coho Salmon",2021,0,0,"Sky Slough B"
"923",679339,"11/02/2021","Chum Salmon",2021,0,0,"Sky Slough C"
"924",679339,"11/02/2021","Coho Salmon",2021,0,0,"Sky Slough C"
"925",679339,"11/02/2021","Pink Salmon",2021,3,2,"Sky Slough C"
"926",679340,"11/02/2021","Pink Salmon",2021,0,0,"Sky Slough D"
"927",679340,"11/02/2021","Coho Salmon",2021,0,0,"Sky Slough D"
"928",679340,"11/02/2021","Chum Salmon",2021,0,0,"Sky Slough D"
"929",679342,"11/02/2021","Pink Salmon",2021,19,58,"Sky Slough (LB)"
"930",679342,"11/02/2021","Coho Salmon",2021,1,0,"Sky Slough (LB)"
"931",679342,"11/02/2021","Chum Salmon",2021,113,8,"Sky Slough (LB)"
"932",679342,"11/02/2021","Chinook Salmon",2021,0,0,"Sky Slough (LB)"
"933",679356,"10/20/2021","Chum Salmon",2021,0,0,"Sky Slough A"
"934",679373,"11/09/2021","Chum Salmon",2021,27,0,"Sky Slough A"
"935",679373,"11/09/2021","Coho Salmon",2021,6,0,"Sky Slough A"
"936",679374,"11/09/2021","Chum Salmon",2021,4,0,"Sky Slough B"
"937",679374,"11/09/2021","Coho Salmon",2021,20,0,"Sky Slough B"
"938",679375,"11/09/2021","Chum Salmon",2021,1,0,"Sky Slough C"
"939",679375,"11/09/2021","Coho Salmon",2021,0,2,"Sky Slough C"
"940",679376,"11/09/2021","Chum Salmon",2021,0,0,"Sky Slough D"
"941",679376,"11/09/2021","Coho Salmon",2021,0,0,"Sky Slough D"
"942",679377,"11/09/2021","Pink Salmon",2021,0,61,"Sky Slough (LB)"
"943",679377,"11/09/2021","Coho Salmon",2021,1,2,"Sky Slough (LB)"
"944",679377,"11/09/2021","Chum Salmon",2021,604,44,"Sky Slough (LB)"
"945",679385,"11/15/2021","Chum Salmon",2021,NA,NA,"Sky Slough (LB)"
"946",679385,"11/15/2021","Coho Salmon",2021,0,0,"Sky Slough (LB)"
"947",680948,"11/19/2021","Chum Salmon",2021,0,0,"Sky Slough B"
"948",680949,"11/19/2021","Chum Salmon",2021,NA,NA,"Sky Slough (LB)"
"949",680950,"11/19/2021","Chum Salmon",2021,47,1,"Sky Slough A"
"950",680951,"11/19/2021","Chum Salmon",2021,0,0,"Sky Slough D"
"951",680952,"11/19/2021","Chum Salmon",2021,44,0,"Sky Slough C"
"952",680952,"11/19/2021","Coho Salmon",2021,4,NA,"Sky Slough C"
"953",680952,"11/19/2021","Pink Salmon",2021,NA,1,"Sky Slough C"
"954",680954,"11/23/2021","Chum Salmon",2021,448,34,"Sky Slough (LB)"
"955",680954,"11/23/2021","Coho Salmon",2021,13,0,"Sky Slough (LB)"
"956",680985,"12/01/2021","Chum Salmon",2021,NA,NA,"Sky Slough A"
"957",680986,"12/01/2021","Chum Salmon",2021,NA,NA,"Sky Slough B"
"958",680987,"12/01/2021","Chum Salmon",2021,NA,NA,"Sky Slough C"
"959",680988,"12/01/2021","Chum Salmon",2021,NA,NA,"Sky Slough D"
"960",681000,"12/06/2021","Coho Salmon",2021,6,2,"Sky Slough (LB)"
"961",681000,"12/06/2021","Chum Salmon",2021,99,29,"Sky Slough (LB)"
"962",681005,"12/06/2021","Coho Salmon",2021,2,0,"Sky Slough A"
"963",681005,"12/06/2021","Chum Salmon",2021,6,5,"Sky Slough A"
"964",681006,"12/06/2021","Coho Salmon",2021,3,0,"Sky Slough C"
"965",681006,"12/06/2021","Chum Salmon",2021,6,5,"Sky Slough C"
"966",681007,"12/06/2021","Chum Salmon",2021,0,0,"Sky Slough D"
"967",681008,"12/06/2021","Chum Salmon",2021,8,0,"Sky Slough B"
"968",681008,"12/06/2021","Coho Salmon",2021,2,1,"Sky Slough B"
"969",681012,"12/09/2021","Coho Salmon",2021,8,2,"Sky Slough (LB)"
"970",681012,"12/09/2021","Chum Salmon",2021,141,10,"Sky Slough (LB)"
"971",681027,"12/13/2021","Coho Salmon",2021,2,2,"Sky Slough (LB)"
"972",681027,"12/13/2021","Chum Salmon",2021,71,32,"Sky Slough (LB)"
"973",681029,"12/10/2021","Coho Salmon",2021,3,0,"Sky Slough A"
"974",681029,"12/10/2021","Chum Salmon",2021,12,3,"Sky Slough A"
"975",681030,"12/10/2021","Coho Salmon",2021,1,0,"Sky Slough B"
"976",681030,"12/10/2021","Chum Salmon",2021,9,6,"Sky Slough B"
"977",681031,"12/10/2021","Coho Salmon",2021,11,2,"Sky Slough C"
"978",681031,"12/10/2021","Chum Salmon",2021,18,9,"Sky Slough C"
"979",681032,"12/10/2021","Chum Salmon",2021,0,0,"Sky Slough D"
"980",681038,"12/14/2021","Coho Salmon",2021,0,1,"Sky Slough A"
"981",681038,"12/14/2021","Chum Salmon",2021,1,3,"Sky Slough A"
"982",681039,"12/14/2021","Chum Salmon",2021,0,0,"Sky Slough D"
"983",681040,"12/14/2021","Coho Salmon",2021,2,4,"Sky Slough B"
"984",681040,"12/14/2021","Chum Salmon",2021,3,8,"Sky Slough B"
"985",681041,"12/14/2021","Coho Salmon",2021,0,6,"Sky Slough C"
"986",681041,"12/14/2021","Chum Salmon",2021,0,10,"Sky Slough C"
"987",682020,"12/20/2021","Chum Salmon",2021,0,0,"Sky Slough A"
"988",682020,"12/20/2021","Coho Salmon",2021,2,1,"Sky Slough A"
"989",682021,"12/20/2021","Chum Salmon",2021,3,0,"Sky Slough B"
"990",682021,"12/20/2021","Coho Salmon",2021,18,1,"Sky Slough B"
"991",682022,"12/20/2021","Chum Salmon",2021,0,5,"Sky Slough C"
"992",682022,"12/20/2021","Coho Salmon",2021,0,12,"Sky Slough C"
"993",682023,"12/20/2021","Chum Salmon",2021,0,0,"Sky Slough D"
"994",682023,"12/20/2021","Coho Salmon",2021,0,0,"Sky Slough D"
"995",682028,"12/20/2021","Chum Salmon",2021,11,8,"Sky Slough (LB)"
"996",682028,"12/20/2021","Coho Salmon",2021,0,0,"Sky Slough (LB)"
"997",682060,"12/29/2021","Chum Salmon",2021,0,0,"Sky Slough A"
"998",682060,"12/29/2021","Coho Salmon",2021,2,1,"Sky Slough A"
"999",682061,"12/29/2021","Chum Salmon",2021,0,1,"Sky Slough B"
"1000",682061,"12/29/2021","Coho Salmon",2021,7,0,"Sky Slough B"
"1001",682062,"12/29/2021","Chum Salmon",2021,0,2,"Sky Slough C"
"1002",682062,"12/29/2021","Coho Salmon",2021,0,4,"Sky Slough C"
"1003",682063,"12/29/2021","Chum Salmon",2021,0,0,"Sky Slough D"
"1004",682063,"12/29/2021","Coho Salmon",2021,0,0,"Sky Slough D"
"1005",682068,"12/29/2021","Chum Salmon",2021,0,4,"Sky Slough (LB)"
"1006",682068,"12/29/2021","Coho Salmon",2021,0,0,"Sky Slough (LB)"
"1007",682077,"01/07/2022","Chum Salmon",2021,0,0,"Sky Slough A"
"1008",682078,"01/07/2022","Chum Salmon",2021,0,0,"Sky Slough B"
"1009",682079,"01/07/2022","Chum Salmon",2021,0,0,"Sky Slough C"
"1010",682080,"01/07/2022","Chum Salmon",2021,0,0,"Sky Slough D"
"1011",682081,"01/07/2022","Chum Salmon",2021,0,0,"Sky Slough (LB)"
"1012",690425,"11/02/2022","Coho Salmon",2022,12,NA,"Sky Slough B"
"1013",690426,"11/02/2022","Chum Salmon",2022,1,0,"Sky Slough C"
"1014",690427,"11/02/2022","Chum Salmon",2022,0,0,"Sky Slough D"
"1015",690424,"11/02/2022","Chum Salmon",2022,33,1,"Sky Slough A"
"1016",690424,"11/02/2022","Coho Salmon",2022,4,NA,"Sky Slough A"
"1017",690425,"11/02/2022","Chum Salmon",2022,13,0,"Sky Slough B"
"1018",691236,"11/23/2022","Chum Salmon",2022,51,81,"Sky Slough A"
"1019",691237,"11/23/2022","Coho Salmon",2022,17,NA,"Sky Slough B"
"1020",691237,"11/23/2022","Chum Salmon",2022,9,47,"Sky Slough B"
"1021",691774,"11/14/2022","Chum Salmon",2022,0,0,"Sky Slough D"
"1022",691775,"11/14/2022","Chum Salmon",2022,15,6,"Sky Slough C"
"1023",691775,"11/14/2022","Coho Salmon",2022,1,0,"Sky Slough C"
"1024",691776,"11/14/2022","Chum Salmon",2022,33,3,"Sky Slough B"
"1025",691777,"11/14/2022","Chum Salmon",2022,141,44,"Sky Slough A"
"1026",691788,"11/02/2022","Chum Salmon",2022,595,18,"Sky Slough (LB)"
"1027",691788,"11/02/2022","Coho Salmon",2022,0,0,"Sky Slough (LB)"
"1028",691826,"11/23/2022","Coho Salmon",2022,0,0,"Sky Slough (LB)"
"1029",691826,"11/23/2022","Chum Salmon",2022,390,1150,"Sky Slough (LB)"
"1030",691827,"11/14/2022","Chum Salmon",2022,788,1010,"Sky Slough (LB)"
"1031",691827,"11/14/2022","Coho Salmon",2022,0,0,"Sky Slough (LB)"
"1032",691835,"12/05/2022","Chum Salmon",2022,33,48,"Sky Slough A"
"1033",691835,"12/05/2022","Coho Salmon",2022,12,5,"Sky Slough A"
"1034",691837,"12/05/2022","Chum Salmon",2022,6,12,"Sky Slough C"
"1035",691837,"12/05/2022","Coho Salmon",2022,2,2,"Sky Slough C"
"1036",691838,"12/05/2022","Chum Salmon",2022,0,0,"Sky Slough D"
"1037",691839,"11/17/2022","Chum Salmon",2022,NA,20,"Sky Slough (LB)"
"1038",691840,"12/05/2022","Chum Salmon",2022,13,17,"Sky Slough B"
"1039",691844,"12/12/2022","Chum Salmon",2022,0,0,"Sky Slough D"
"1040",691845,"12/12/2022","Chum Salmon",2022,1,20,"Sky Slough B"
"1041",691845,"12/12/2022","Coho Salmon",2022,22,3,"Sky Slough B"
"1042",691846,"12/12/2022","Chum Salmon",2022,0,57,"Sky Slough A"
"1043",691846,"12/12/2022","Coho Salmon",2022,9,2,"Sky Slough A"
"1044",691847,"12/12/2022","Chum Salmon",2022,0,26,"Sky Slough C"
"1045",691847,"12/12/2022","Coho Salmon",2022,6,3,"Sky Slough C"
"1046",691860,"12/12/2022","Chum Salmon",2022,12,6,"Sky Slough (LB)"
"1047",691860,"12/12/2022","Coho Salmon",2022,0,0,"Sky Slough (LB)"
"1048",691902,"12/01/2022","Chum Salmon",2022,452,1152,"Sky Slough (LB)"
"1049",691902,"12/01/2022","Coho Salmon",2022,0,0,"Sky Slough (LB)"
"1050",692008,"11/23/2022","Chum Salmon",2022,9,38,"Sky Slough C"
"1051",692009,"11/23/2022","Chum Salmon",2022,0,0,"Sky Slough D"
"1052",692247,"12/28/2022","Coho Salmon",2022,0,0,"Sky Slough (LB)"
"1053",692256,"12/23/2022","Chum Salmon",2022,NA,NA,"Sky Slough A"
"1054",692257,"12/23/2022","Chum Salmon",2022,NA,NA,"Sky Slough (LB)"
"1055",692264,"12/30/2022","Chum Salmon",2022,3,0,"Sky Slough (LB)"
"1056",692264,"12/30/2022","Coho Salmon",2022,1,NA,"Sky Slough (LB)"
"1057",692268,"12/30/2022","Chum Salmon",2022,0,0,"Sky Slough A"
"1058",692268,"12/30/2022","Coho Salmon",2022,2,0,"Sky Slough A"
"1059",692269,"12/30/2022","Chum Salmon",2022,2,2,"Sky Slough B"
"1060",692270,"12/30/2022","Chum Salmon",2022,2,2,"Sky Slough C"
"1061",692271,"12/30/2022","Chum Salmon",2022,0,0,"Sky Slough D"
"1062",692290,"01/06/2023","Coho Salmon",2022,2,3,"Sky Slough A"
"1063",692290,"01/06/2023","Chum Salmon",2022,0,0,"Sky Slough A"
"1064",692291,"01/06/2023","Coho Salmon",2022,5,6,"Sky Slough B"
"1065",692291,"01/06/2023","Chum Salmon",2022,0,0,"Sky Slough B"
"1066",692292,"01/06/2023","Chum Salmon",2022,0,0,"Sky Slough C"
"1067",692293,"01/06/2023","Chum Salmon",2022,0,0,"Sky Slough D"
"1068",692656,"01/06/2023","Coho Salmon",2022,1,0,"Sky Slough (LB)"
"1069",692656,"01/06/2023","Chum Salmon",2022,0,0,"Sky Slough (LB)"
"1070",692658,"01/12/2023","Chum Salmon",2022,0,95,"Sky Slough (LB)"
"1071",692658,"01/12/2023","Coho Salmon",2022,0,0,"Sky Slough (LB)"
